gen_id,senaryo,growth,wt_buyume,oran,status,esansiyel
cce_3746,Referans_fotoototrofik,0.014475528513394774,0.014475528513390035,1.0000000000003273,optimal,False
cce_0688,Referans_fotoototrofik,4.643578776381524e-15,0.014475528513390035,3.207882027993768e-13,optimal,True
cce_0863,Referans_fotoototrofik,0.014475528513389,0.014475528513390035,0.9999999999999285,optimal,False
cce_0770,Referans_fotoototrofik,0.01447552851337325,0.014475528513390035,0.9999999999988405,optimal,False
cce_2383,Referans_fotoototrofik,0.01447552851337325,0.014475528513390035,0.9999999999988405,optimal,False
cce_4641,Referans_fotoototrofik,0.01447552851337325,0.014475528513390035,0.9999999999988405,optimal,False
cce_1354,Referans_fotoototrofik,-1.0187148083110184e-16,0.014475528513390035,-7.037496471156097e-15,optimal,True
cce_1843,Referans_fotoototrofik,0.014475528513390207,0.014475528513390035,1.0000000000000118,optimal,False
cce_3417,Referans_fotoototrofik,0.014475528513390203,0.014475528513390035,1.0000000000000115,optimal,False
cce_5177,Referans_fotoototrofik,0.014475528513390203,0.014475528513390035,1.0000000000000115,optimal,False
cce_0560,Referans_fotoototrofik,-6.316034984393881e-15,0.014475528513390035,-4.363250003999145e-13,optimal,True
cce_0847,Referans_fotoototrofik,0.014475528513392453,0.014475528513390035,1.000000000000167,optimal,False
cce_3974,Referans_fotoototrofik,0.014475528513390248,0.014475528513390035,1.0000000000000147,optimal,False
cce_1125,Referans_fotoototrofik,0.014475528513390248,0.014475528513390035,1.0000000000000147,optimal,False
cce_2317,Referans_fotoototrofik,0.011252022529619916,0.014475528513390035,0.7773134168615441,optimal,False
cce_3166,Referans_fotoototrofik,-3.8790384996782467e-17,0.014475528513390035,-2.6797215010768624e-15,optimal,True
cce_3952,Referans_fotoototrofik,0.01447552851338994,0.014475528513390035,0.9999999999999934,optimal,False
cce_1632,Referans_fotoototrofik,0.014475528513387641,0.014475528513390035,0.9999999999998346,optimal,False
cce_1605,Referans_fotoototrofik,0.014475528513387641,0.014475528513390035,0.9999999999998346,optimal,False
cce_5174,Referans_fotoototrofik,0.014475528513387641,0.014475528513390035,0.9999999999998346,optimal,False
cce_0561,Referans_fotoototrofik,-4.321126468933132e-15,0.014475528513390035,-2.98512518208647e-13,optimal,True
cce_3576,Referans_fotoototrofik,4.391686234269445e-17,0.014475528513390035,3.0338693542049835e-15,optimal,True
cce_4842,Referans_fotoototrofik,0.01447552851339059,0.014475528513390035,1.0000000000000384,optimal,False
cce_2446,Referans_fotoototrofik,0.014475528513387641,0.014475528513390035,0.9999999999998346,optimal,False
cce_0782,Referans_fotoototrofik,0.014475528513387641,0.014475528513390035,0.9999999999998346,optimal,False
cce_4346,Referans_fotoototrofik,0.014475528513387641,0.014475528513390035,0.9999999999998346,optimal,False
cce_4111,Referans_fotoototrofik,0.014475528513387641,0.014475528513390035,0.9999999999998346,optimal,False
cce_1382,Referans_fotoototrofik,-9.23902505321682e-18,0.014475528513390035,-6.382513111469894e-16,optimal,True
cce_0210,Referans_fotoototrofik,0.014475528513390585,0.014475528513390035,1.000000000000038,optimal,False
cce_4018,Referans_fotoototrofik,-3.879795430763033e-17,0.014475528513390035,-2.680244405013728e-15,optimal,True
cce_0877,Referans_fotoototrofik,0.0,0.014475528513390035,0.0,optimal,True
cce_1671,Referans_fotoototrofik,0.014475528513391662,0.014475528513390035,1.0000000000001124,optimal,False
cce_0707,Referans_fotoototrofik,0.014475528513387641,0.014475528513390035,0.9999999999998346,optimal,False
cce_4040,Referans_fotoototrofik,-3.879795430758492e-17,0.014475528513390035,-2.680244405010591e-15,optimal,True
cce_2548,Referans_fotoototrofik,0.014475528513388363,0.014475528513390035,0.9999999999998844,optimal,False
cce_2372,Referans_fotoototrofik,0.014475528513387641,0.014475528513390035,0.9999999999998346,optimal,False
cce_3990,Referans_fotoototrofik,-1.0435989111519186e-17,0.014475528513390035,-7.209401095003732e-16,optimal,True
cce_4039,Referans_fotoototrofik,0.0144755285133913,0.014475528513390035,1.0000000000000873,optimal,False
cce_0490,Referans_fotoototrofik,0.014475528513387641,0.014475528513390035,0.9999999999998346,optimal,False
cce_0225,Referans_fotoototrofik,-3.879795430758492e-17,0.014475528513390035,-2.680244405010591e-15,optimal,True
cce_3094,Referans_fotoototrofik,0.0,0.014475528513390035,0.0,optimal,True
cce_2087,Referans_fotoototrofik,0.014475528513390389,0.014475528513390035,1.0000000000000244,optimal,False
cce_1202,Referans_fotoototrofik,0.014475528513387641,0.014475528513390035,0.9999999999998346,optimal,False
cce_1084,Referans_fotoototrofik,-1.0597639014023409e-13,0.014475528513390035,-7.321072252540187e-12,optimal,True
cce_3719,Referans_fotoototrofik,0.014475528513393067,0.014475528513390035,1.0000000000002094,optimal,False
cce_4023,Referans_fotoototrofik,-3.879795430758492e-17,0.014475528513390035,-2.680244405010591e-15,optimal,True
cce_0831,Referans_fotoototrofik,0.014475528513388363,0.014475528513390035,0.9999999999998844,optimal,False
cce_3246,Referans_fotoototrofik,0.014475528513387641,0.014475528513390035,0.9999999999998346,optimal,False
cce_2580,Referans_fotoototrofik,0.014475528513387641,0.014475528513390035,0.9999999999998346,optimal,False
cce_1108,Referans_fotoototrofik,5.640837553362628e-17,0.014475528513390035,3.896809396731032e-15,optimal,True
cce_4835,Referans_fotoototrofik,0.01447552851338988,0.014475528513390035,0.9999999999999893,optimal,False
cce_1307,Referans_fotoototrofik,4.231540377513363e-15,0.014475528513390035,2.923237223151568e-13,optimal,True
cce_2361,Referans_fotoototrofik,0.014475528513378983,0.014475528513390035,0.9999999999992365,optimal,False
cce_1486,Referans_fotoototrofik,0.014475528513393052,0.014475528513390035,1.0000000000002085,optimal,False
cce_3265,Referans_fotoototrofik,-2.1070416364342395e-16,0.014475528513390035,-1.455588743778993e-14,optimal,True
cce_4455,Referans_fotoototrofik,0.014475528513385948,0.014475528513390035,0.9999999999997177,optimal,False
cce_2970,Referans_fotoototrofik,0.01447552851339301,0.014475528513390035,1.0000000000002056,optimal,False
cce_2076,Referans_fotoototrofik,0.01447552851339301,0.014475528513390035,1.0000000000002056,optimal,False
cce_0002,Referans_fotoototrofik,0.01447552851339301,0.014475528513390035,1.0000000000002056,optimal,False
cce_4687,Referans_fotoototrofik,0.01447552851339301,0.014475528513390035,1.0000000000002056,optimal,False
cce_3633,Referans_fotoototrofik,4.231540377513363e-15,0.014475528513390035,2.923237223151568e-13,optimal,True
cce_4017,Referans_fotoototrofik,1.0046907089851579e-16,0.014475528513390035,6.940615039069607e-15,optimal,True
cce_4398,Referans_fotoototrofik,0.0,0.014475528513390035,0.0,optimal,True
cce_1689,Referans_fotoototrofik,0.014475528513389155,0.014475528513390035,0.9999999999999393,optimal,False
cce_2115,Referans_fotoototrofik,0.014475528513393052,0.014475528513390035,1.0000000000002085,optimal,False
cce_4329,Referans_fotoototrofik,0.014369812503419541,0.014475528513390035,0.9926969153580331,optimal,False
cce_1710,Referans_fotoototrofik,-5.143421235445154e-17,0.014475528513390035,-3.5531837270655976e-15,optimal,True
cce_2124,Referans_fotoototrofik,0.0,0.014475528513390035,0.0,optimal,True
cce_4815,Referans_fotoototrofik,0.014475528513390646,0.014475528513390035,1.0000000000000422,optimal,False
cce_4584,Referans_fotoototrofik,0.014475528513393052,0.014475528513390035,1.0000000000002085,optimal,False
cce_0302,Referans_fotoototrofik,0.014475528513393052,0.014475528513390035,1.0000000000002085,optimal,False
cce_2998,Referans_fotoototrofik,0.014475528513393052,0.014475528513390035,1.0000000000002085,optimal,False
cce_2130,Referans_fotoototrofik,3.760416950166766e-17,0.014475528513390035,2.597775236108537e-15,optimal,True
cce_1241,Referans_fotoototrofik,0.0144755285133886,0.014475528513390035,0.9999999999999009,optimal,False
cce_4031,Referans_fotoototrofik,5.4675336526871735e-17,0.014475528513390035,3.7770874117857875e-15,optimal,True
cce_0636,Referans_fotoototrofik,0.014475528513389273,0.014475528513390035,0.9999999999999474,optimal,False
cce_1401,Referans_fotoototrofik,-3.9339321110825733e-17,0.014475528513390035,-2.7176431640776638e-15,optimal,True
cce_3964,Referans_fotoototrofik,0.014475528513389594,0.014475528513390035,0.9999999999999696,optimal,False
cce_3686,Referans_fotoototrofik,3.459887135878636e-17,0.014475528513390035,2.3901629102372322e-15,optimal,True
cce_3708,Referans_fotoototrofik,0.014475163331135847,0.014475528513390035,0.999974772440685,optimal,False
cce_1764,Referans_fotoototrofik,0.011252022529620022,0.014475528513390035,0.7773134168615514,optimal,False
cce_0841,Referans_fotoototrofik,0.014475528513389006,0.014475528513390035,0.999999999999929,optimal,False
cce_3702,Referans_fotoototrofik,0.014475528513393052,0.014475528513390035,1.0000000000002085,optimal,False
cce_3290,Referans_fotoototrofik,-2.3958067487116865e-17,0.014475528513390035,-1.655073765697423e-15,optimal,True
cce_4328,Referans_fotoototrofik,0.014475528513389018,0.014475528513390035,0.9999999999999297,optimal,False
cce_2066,Referans_fotoototrofik,0.014475528513393052,0.014475528513390035,1.0000000000002085,optimal,False
cce_3425,Referans_fotoototrofik,0.014475528513393052,0.014475528513390035,1.0000000000002085,optimal,False
cce_1107,Referans_fotoototrofik,0.014475528513393052,0.014475528513390035,1.0000000000002085,optimal,False
cce_0389,Referans_fotoototrofik,0.014475528513393052,0.014475528513390035,1.0000000000002085,optimal,False
cce_0392,Referans_fotoototrofik,4.1791977390763584e-15,0.014475528513390035,2.8870778260085987e-13,optimal,True
cce_4511,Referans_fotoototrofik,0.014475528513378983,0.014475528513390035,0.9999999999992365,optimal,False
cce_3637,Referans_fotoototrofik,0.014475528513393052,0.014475528513390035,1.0000000000002085,optimal,False
cce_0745,Referans_fotoototrofik,0.014475528513393052,0.014475528513390035,1.0000000000002085,optimal,False
cce_3366,Referans_fotoototrofik,5.2198430618432994e-17,0.014475528513390035,3.605977534440199e-15,optimal,True
cce_4650,Referans_fotoototrofik,0.0144755285133903,0.014475528513390035,1.0000000000000184,optimal,False
cce_1222,Referans_fotoototrofik,0.014475528513393052,0.014475528513390035,1.0000000000002085,optimal,False
cce_0232,Referans_fotoototrofik,7.396964868739724e-17,0.014475528513390035,5.1099791360967884e-15,optimal,True
cce_3493,Referans_fotoototrofik,0.0,0.014475528513390035,0.0,optimal,True
cce_0804,Referans_fotoototrofik,2.4765847248848164e-16,0.014475528513390035,1.7108768930916383e-14,optimal,True
cce_3253,Referans_fotoototrofik,0.014475528513378983,0.014475528513390035,0.9999999999992365,optimal,False
cce_3394,Referans_fotoototrofik,4.1791977390763584e-15,0.014475528513390035,2.8870778260085987e-13,optimal,True
cce_5179,Referans_fotoototrofik,0.014475528513378983,0.014475528513390035,0.9999999999992365,optimal,False
cce_0401,Referans_fotoototrofik,0.014475528513393052,0.014475528513390035,1.0000000000002085,optimal,False
cce_2325,Referans_fotoototrofik,0.014475528513393052,0.014475528513390035,1.0000000000002085,optimal,False
cce_0654,Referans_fotoototrofik,0.014475528513393052,0.014475528513390035,1.0000000000002085,optimal,False
cce_2439,Referans_fotoototrofik,0.014475528513393052,0.014475528513390035,1.0000000000002085,optimal,False
cce_1455,Referans_fotoototrofik,0.014475528513393052,0.014475528513390035,1.0000000000002085,optimal,False
cce_4354,Referans_fotoototrofik,7.523605564935398e-14,0.014475528513390035,5.197465196504552e-12,optimal,True
cce_3497,Referans_fotoototrofik,0.014475528513390668,0.014475528513390035,1.0000000000000437,optimal,False
cce_4140,Referans_fotoototrofik,1.931227858884515e-18,0.014475528513390035,1.3341328830226174e-16,optimal,True
cce_0559,Referans_fotoototrofik,-3.0971573125919123e-15,0.014475528513390035,-2.1395815080098838e-13,optimal,True
cce_3490,Referans_fotoototrofik,0.0,0.014475528513390035,0.0,optimal,True
cce_4130,Referans_fotoototrofik,0.0,0.014475528513390035,0.0,optimal,True
cce_2312,Referans_fotoototrofik,2.4491171609961033e-31,0.014475528513390035,1.6919017213987323e-29,optimal,True
cce_4376,Referans_fotoototrofik,0.014475528513390092,0.014475528513390035,1.000000000000004,optimal,False
cce_4267,Referans_fotoototrofik,7.051311785069823e-17,0.014475528513390035,4.87119470528988e-15,optimal,True
cce_3266,Referans_fotoototrofik,0.0,0.014475528513390035,0.0,optimal,True
cce_1635,Referans_fotoototrofik,0.014475528513388158,0.014475528513390035,0.9999999999998703,optimal,False
cce_2615,Referans_fotoototrofik,4.630294474375539e-17,0.014475528513390035,3.19870495235629e-15,optimal,True
cce_1340,Referans_fotoototrofik,0.0,0.014475528513390035,0.0,optimal,True
cce_3826,Referans_fotoototrofik,0.014475528513389842,0.014475528513390035,0.9999999999999867,optimal,False
cce_0805,Referans_fotoototrofik,0.014475528513393052,0.014475528513390035,1.0000000000002085,optimal,False
cce_1584,Referans_fotoototrofik,-3.027544509936006e-17,0.014475528513390035,-2.0914915176571905e-15,optimal,True
cce_4679,Referans_fotoototrofik,0.0,0.014475528513390035,0.0,optimal,True
cce_1211,Referans_fotoototrofik,-2.322983897562706e-14,0.014475528513390035,-1.6047662062313776e-12,optimal,True
cce_0666,Referans_fotoototrofik,0.01447552851338148,0.014475528513390035,0.9999999999994089,optimal,False
cce_2132,Referans_fotoototrofik,0.014475528513392502,0.014475528513390035,1.0000000000001703,optimal,False
cce_2783,Referans_fotoototrofik,4.995059574363182e-17,0.014475528513390035,3.4506923665983545e-15,optimal,True
cce_0606,Referans_fotoototrofik,0.0,0.014475528513390035,0.0,optimal,True
cce_4595,Referans_fotoototrofik,0.014475528513390639,0.014475528513390035,1.0000000000000417,optimal,False
cce_0571,Referans_fotoototrofik,0.014475528513392502,0.014475528513390035,1.0000000000001703,optimal,False
cce_1273,Referans_fotoototrofik,1.0746865497681869e-13,0.014475528513390035,7.42416105065932e-12,optimal,True
cce_0843,Referans_fotoototrofik,0.014475528513389846,0.014475528513390035,0.9999999999999869,optimal,False
cce_4037,Referans_fotoototrofik,-1.7393430514808488e-17,0.014475528513390035,-1.2015748163336045e-15,optimal,True
cce_2059,Referans_fotoototrofik,0.0,0.014475528513390035,0.0,optimal,True
cce_4861,Referans_fotoototrofik,0.014475528513388278,0.014475528513390035,0.9999999999998787,optimal,False
cce_4305,Referans_fotoototrofik,1.3793822541897884e-17,0.014475528513390035,9.529063155889912e-16,optimal,True
cce_3617,Referans_fotoototrofik,-4.05127074044998e-14,0.014475528513390035,-2.798703160787882e-12,optimal,True
cce_4417,Referans_fotoototrofik,0.014475528513389265,0.014475528513390035,0.9999999999999468,optimal,False
cce_4388,Referans_fotoototrofik,-3.521471797578181e-17,0.014475528513390035,-2.4327068917178245e-15,optimal,True
cce_1376,Referans_fotoototrofik,0.014475528513390446,0.014475528513390035,1.0000000000000284,optimal,False
cce_0400,Referans_fotoototrofik,0.014475528513392502,0.014475528513390035,1.0000000000001703,optimal,False
cce_1321,Referans_fotoototrofik,-8.22568764443429e-18,0.014475528513390035,-5.682478285214548e-16,optimal,True
cce_4109,Referans_fotoototrofik,0.01447552851338889,0.014475528513390035,0.999999999999921,optimal,False
cce_3488,Referans_fotoototrofik,0.014475528513392502,0.014475528513390035,1.0000000000001703,optimal,False
cce_2632,Referans_fotoototrofik,0.014475528513392502,0.014475528513390035,1.0000000000001703,optimal,False
cce_4717,Referans_fotoototrofik,0.011252022529621675,0.014475528513390035,0.7773134168616657,optimal,False
cce_1865,Referans_fotoototrofik,0.014475528513389515,0.014475528513390035,0.999999999999964,optimal,False
cce_2467,Referans_fotoototrofik,0.014475528513392502,0.014475528513390035,1.0000000000001703,optimal,False
cce_3026,Referans_fotoototrofik,0.014475528513392502,0.014475528513390035,1.0000000000001703,optimal,False
cce_2775,Referans_fotoototrofik,0.014475528513392502,0.014475528513390035,1.0000000000001703,optimal,False
cce_4877,Referans_fotoototrofik,0.014475528513392502,0.014475528513390035,1.0000000000001703,optimal,False
cce_1604,Referans_fotoototrofik,0.014475528513392502,0.014475528513390035,1.0000000000001703,optimal,False
cce_3828,Referans_fotoototrofik,0.014475528513392502,0.014475528513390035,1.0000000000001703,optimal,False
cce_4723,Referans_fotoototrofik,0.014475528513392502,0.014475528513390035,1.0000000000001703,optimal,False
cce_1383,Referans_fotoototrofik,-2.24471821943852e-15,0.014475528513390035,-1.5506986272467557e-13,optimal,True
cce_3473,Referans_fotoototrofik,0.014475528513388517,0.014475528513390035,0.9999999999998952,optimal,False
cce_0624,Referans_fotoototrofik,0.01447552851339301,0.014475528513390035,1.0000000000002056,optimal,False
cce_2600,Referans_fotoototrofik,6.619661805818631e-18,0.014475528513390035,4.573001807633735e-16,optimal,True
cce_3201,Referans_fotoototrofik,1.1434604784196878e-14,0.014475528513390035,7.899265835868952e-13,optimal,True
cce_1190,Referans_fotoototrofik,0.014475528513389862,0.014475528513390035,0.999999999999988,optimal,False
cce_4743,Referans_fotoototrofik,0.01447552851339301,0.014475528513390035,1.0000000000002056,optimal,False
cce_0747,Referans_fotoototrofik,0.01447552851339301,0.014475528513390035,1.0000000000002056,optimal,False
cce_0902,Referans_fotoototrofik,3.625555252042427e-17,0.014475528513390035,2.5046099344067094e-15,optimal,True
cce_2737,Referans_fotoototrofik,0.014475528513391499,0.014475528513390035,1.0000000000001013,optimal,False
cce_1977,Referans_fotoototrofik,0.012945371327348795,0.014475528513390035,0.8942935185664671,optimal,False
cce_3933,Referans_fotoototrofik,-5.1770794944431097e-17,0.014475528513390035,-3.576435561336672e-15,optimal,True
cce_4582,Referans_fotoototrofik,-1.34759247181395e-30,0.014475528513390035,-9.3094526432483e-29,optimal,True
cce_1763,Referans_fotoototrofik,0.011252022529602959,0.014475528513390035,0.7773134168603727,optimal,False
cce_4087,Referans_fotoototrofik,4.493763474595395e-17,0.014475528513390035,3.1043864619095674e-15,optimal,True
cce_3477,Referans_fotoototrofik,0.014475528513389884,0.014475528513390035,0.9999999999999896,optimal,False
cce_1645,Referans_fotoototrofik,0.01447552851339301,0.014475528513390035,1.0000000000002056,optimal,False
cce_2485,Referans_fotoototrofik,0.01447552851339301,0.014475528513390035,1.0000000000002056,optimal,False
cce_2927,Referans_fotoototrofik,3.926611061972012e-17,0.014475528513390035,2.712585629146356e-15,optimal,True
cce_4599,Referans_fotoototrofik,0.014475528513392536,0.014475528513390035,1.0000000000001728,optimal,False
cce_5176,Referans_fotoototrofik,0.01447552851339301,0.014475528513390035,1.0000000000002056,optimal,False
cce_4608,Referans_fotoototrofik,0.01447552851339301,0.014475528513390035,1.0000000000002056,optimal,False
cce_1970,Referans_fotoototrofik,0.01447552851339301,0.014475528513390035,1.0000000000002056,optimal,False
cce_2570,Referans_fotoototrofik,0.01447552851339301,0.014475528513390035,1.0000000000002056,optimal,False
cce_3533,Referans_fotoototrofik,3.2600849629213304e-18,0.014475528513390035,2.2521353606576185e-16,optimal,True
cce_2106,Referans_fotoototrofik,0.014475528513389114,0.014475528513390035,0.9999999999999364,optimal,False
cce_2466,Referans_fotoototrofik,0.01447552851339301,0.014475528513390035,1.0000000000002056,optimal,False
cce_4821,Referans_fotoototrofik,0.01447552851339301,0.014475528513390035,1.0000000000002056,optimal,False
cce_4658,Referans_fotoototrofik,2.2245018701045336e-17,0.014475528513390035,1.5367327473030385e-15,optimal,True
cce_0887,Referans_fotoototrofik,0.01447552851339051,0.014475528513390035,1.0000000000000329,optimal,False
cce_0223,Referans_fotoototrofik,9.221048101506338e-18,0.014475528513390035,6.370094254573682e-16,optimal,True
cce_0342,Referans_fotoototrofik,0.014475528513389147,0.014475528513390035,0.9999999999999386,optimal,False
cce_0450,Referans_fotoototrofik,0.01447552851339301,0.014475528513390035,1.0000000000002056,optimal,False
cce_4862,Referans_fotoototrofik,0.01447552851339301,0.014475528513390035,1.0000000000002056,optimal,False
cce_1531,Referans_fotoototrofik,0.01447552851339301,0.014475528513390035,1.0000000000002056,optimal,False
cce_1351,Referans_fotoototrofik,1.9302524613161186e-17,0.014475528513390035,1.3334590578372406e-15,optimal,True
cce_0309,Referans_fotoototrofik,0.0,0.014475528513390035,0.0,optimal,True
cce_3947,Referans_fotoototrofik,0.014475528513390509,0.014475528513390035,1.0000000000000326,optimal,False
cce_4200,Referans_fotoototrofik,1.245223774447202e-17,0.014475528513390035,8.602268119574048e-16,optimal,True
cce_1181,Referans_fotoototrofik,0.014475528513391477,0.014475528513390035,1.0000000000000995,optimal,False
cce_0206,Referans_fotoototrofik,0.01447552851339301,0.014475528513390035,1.0000000000002056,optimal,False
cce_4090,Referans_fotoototrofik,9.221048101506338e-18,0.014475528513390035,6.370094254573682e-16,optimal,True
cce_4325,Referans_fotoototrofik,-1.3525691091642588e-15,0.014475528513390035,-9.343832302310181e-14,optimal,True
cce_2257,Referans_fotoototrofik,0.014475528513390028,0.014475528513390035,0.9999999999999996,optimal,False
cce_0735,Referans_fotoototrofik,0.014402239874192207,0.014475528513390035,0.994937066433876,optimal,False
cce_3414,Referans_fotoototrofik,0.014475528513373359,0.014475528513390035,0.999999999998848,optimal,False
cce_0623,Referans_fotoototrofik,0.01447552851339301,0.014475528513390035,1.0000000000002056,optimal,False
cce_0886,Referans_fotoototrofik,0.01447552851339301,0.014475528513390035,1.0000000000002056,optimal,False
cce_4356,Referans_fotoototrofik,0.01447552851339301,0.014475528513390035,1.0000000000002056,optimal,False
cce_4752,Referans_fotoototrofik,0.01447552851339301,0.014475528513390035,1.0000000000002056,optimal,False
cce_4735,Referans_fotoototrofik,0.01447552851339301,0.014475528513390035,1.0000000000002056,optimal,False
cce_4634,Referans_fotoototrofik,0.01447552851339301,0.014475528513390035,1.0000000000002056,optimal,False
cce_0133,Referans_fotoototrofik,0.01447552851339301,0.014475528513390035,1.0000000000002056,optimal,False
cce_4750,Referans_fotoototrofik,0.01447552851339301,0.014475528513390035,1.0000000000002056,optimal,False
cce_0659,Referans_fotoototrofik,4.231540377513363e-15,0.014475528513390035,2.923237223151568e-13,optimal,True
cce_0660,Referans_fotoototrofik,0.014475528513399472,0.014475528513390035,1.000000000000652,optimal,False
cce_3096,Referans_fotoototrofik,0.014410721631031779,0.014475528513390035,0.9955230040617647,optimal,False
cce_4627,Referans_fotoototrofik,0.014475528513389527,0.014475528513390035,0.9999999999999649,optimal,False
cce_4382,Referans_fotoototrofik,0.014475528513392502,0.014475528513390035,1.0000000000001703,optimal,False
cce_2121,Referans_fotoototrofik,2.30479067458851e-17,0.014475528513390035,1.5921979445907978e-15,optimal,True
cce_4008,Referans_fotoototrofik,0.014475528513390153,0.014475528513390035,1.0000000000000082,optimal,False
cce_3176,Referans_fotoototrofik,0.014475528513392844,0.014475528513390035,1.000000000000194,optimal,False
cce_0426,Referans_fotoototrofik,2.2293282257680593e-13,0.014475528513390035,1.540066895454563e-11,optimal,True
cce_1829,Referans_fotoototrofik,0.014475528513385382,0.014475528513390035,0.9999999999996786,optimal,False
cce_0578,Referans_fotoototrofik,0.014475528513392844,0.014475528513390035,1.000000000000194,optimal,False
cce_3232,Referans_fotoototrofik,0.014475528513392844,0.014475528513390035,1.000000000000194,optimal,False
cce_1174,Referans_fotoototrofik,-7.410708104041987e-17,0.014475528513390035,-5.119473252522002e-15,optimal,True
cce_4440,Referans_fotoototrofik,0.01447552851338997,0.014475528513390035,0.9999999999999956,optimal,False
cce_4545,Referans_fotoototrofik,1.3160902218044801e-16,0.014475528513390035,9.091828464757478e-15,optimal,True
cce_1484,Referans_fotoototrofik,0.014475528513391784,0.014475528513390035,1.0000000000001208,optimal,False
cce_0882,Referans_fotoototrofik,0.014475528513392844,0.014475528513390035,1.000000000000194,optimal,False
cce_4693,Referans_fotoototrofik,-4.737514984895379e-17,0.014475528513390035,-3.272775139445252e-15,optimal,True
cce_0884,Referans_fotoototrofik,0.014475528513391348,0.014475528513390035,1.0000000000000908,optimal,False
cce_1837,Referans_fotoototrofik,9.596272478529514e-16,0.014475528513390035,6.629307157699181e-14,optimal,True
cce_0199,Referans_fotoototrofik,-1.0046907089851574e-16,0.014475528513390035,-6.940615039069604e-15,optimal,True
cce_1618,Referans_fotoototrofik,0.014475528513389914,0.014475528513390035,0.9999999999999916,optimal,False
cce_1830,Referans_fotoototrofik,0.014475528513392844,0.014475528513390035,1.000000000000194,optimal,False
cce_5190,Referans_fotoototrofik,0.014475528513392844,0.014475528513390035,1.000000000000194,optimal,False
cce_1603,Referans_fotoototrofik,0.014475528513392844,0.014475528513390035,1.000000000000194,optimal,False
cce_3196,Referans_fotoototrofik,0.014475528513392844,0.014475528513390035,1.000000000000194,optimal,False
cce_4032,Referans_fotoototrofik,-2.5098540522727994e-17,0.014475528513390035,-1.7338600452143455e-15,optimal,True
cce_4852,Referans_fotoototrofik,0.014475528513389636,0.014475528513390035,0.9999999999999725,optimal,False
cce_3510,Referans_fotoototrofik,0.014475528513392844,0.014475528513390035,1.000000000000194,optimal,False
cce_3237,Referans_fotoototrofik,-4.291982798371352e-17,0.014475528513390035,-2.964992120599408e-15,optimal,True
cce_3553,Referans_fotoototrofik,0.014475528513389686,0.014475528513390035,0.9999999999999759,optimal,False
cce_0030,Referans_fotoototrofik,0.014475528513392844,0.014475528513390035,1.000000000000194,optimal,False
cce_3879,Referans_fotoototrofik,0.014475528513392844,0.014475528513390035,1.000000000000194,optimal,False
cce_1900,Referans_fotoototrofik,-1.6347061748518007e-16,0.014475528513390035,-1.1292894579563559e-14,optimal,True
cce_3021,Referans_fotoototrofik,8.645523447820555e-30,0.014475528513390035,5.972509701337221e-28,optimal,True
cce_1619,Referans_fotoototrofik,0.014475528513391641,0.014475528513390035,1.000000000000111,optimal,False
cce_0440,Referans_fotoototrofik,0.014475528513392844,0.014475528513390035,1.000000000000194,optimal,False
cce_3324,Referans_fotoototrofik,0.014475528513392844,0.014475528513390035,1.000000000000194,optimal,False
cce_2967,Referans_fotoototrofik,0.014475528513392844,0.014475528513390035,1.000000000000194,optimal,False
cce_2282,Referans_fotoototrofik,7.763096151777744e-17,0.014475528513390035,5.362910338366429e-15,optimal,True
cce_3662,Referans_fotoototrofik,0.014475528513389535,0.014475528513390035,0.9999999999999655,optimal,False
cce_1828,Referans_fotoototrofik,0.014475528513392844,0.014475528513390035,1.000000000000194,optimal,False
cce_3591,Referans_fotoototrofik,0.014475528513392844,0.014475528513390035,1.000000000000194,optimal,False
cce_4053,Referans_fotoototrofik,0.014475528513392844,0.014475528513390035,1.000000000000194,optimal,False
cce_2871,Referans_fotoototrofik,0.014475163331138833,0.014475528513390035,0.9999747724408912,optimal,False
cce_3091,Referans_fotoototrofik,0.01447552851338697,0.014475528513390035,0.9999999999997883,optimal,False
cce_3396,Referans_fotoototrofik,0.014475528513392502,0.014475528513390035,1.0000000000001703,optimal,False
cce_2961,Referans_fotoototrofik,0.014475528513392502,0.014475528513390035,1.0000000000001703,optimal,False
cce_0549,Referans_fotoototrofik,0.014475528513392502,0.014475528513390035,1.0000000000001703,optimal,False
cce_1569,Referans_fotoototrofik,-8.22568764443429e-18,0.014475528513390035,-5.682478285214548e-16,optimal,True
cce_2713,Referans_fotoototrofik,0.014475528513390581,0.014475528513390035,1.0000000000000377,optimal,False
cce_2962,Referans_fotoototrofik,0.014475528513392502,0.014475528513390035,1.0000000000001703,optimal,False
cce_0509,Referans_fotoototrofik,0.014475528513392502,0.014475528513390035,1.0000000000001703,optimal,False
cce_1223,Referans_fotoototrofik,0.014475528513392502,0.014475528513390035,1.0000000000001703,optimal,False
cce_2391,Referans_fotoototrofik,0.014475528513392502,0.014475528513390035,1.0000000000001703,optimal,False
cce_2315,Referans_fotoototrofik,0.014475528513392502,0.014475528513390035,1.0000000000001703,optimal,False
cce_3292,Referans_fotoototrofik,9.030559167071239e-17,0.014475528513390035,6.2385004863331e-15,optimal,True
cce_1317,Referans_fotoototrofik,0.0,0.014475528513390035,0.0,optimal,True
cce_5189,Referans_fotoototrofik,0.014475528513390255,0.014475528513390035,1.0000000000000153,optimal,False
cce_4647,Referans_fotoototrofik,0.014475528513392502,0.014475528513390035,1.0000000000001703,optimal,False
cce_3280,Referans_fotoototrofik,6.468839837241152e-17,0.014475528513390035,4.468810814926307e-15,optimal,True
cce_2759,Referans_fotoototrofik,0.0144755285133907,0.014475528513390035,1.000000000000046,optimal,False
cce_3827,Referans_fotoototrofik,0.014475528513392502,0.014475528513390035,1.0000000000001703,optimal,False
cce_2955,Referans_fotoototrofik,6.938417228058781e-16,0.014475528513390035,4.793204767370437e-14,optimal,True
cce_0619,Referans_fotoototrofik,0.014475528513399472,0.014475528513390035,1.000000000000652,optimal,False
cce_3969,Referans_fotoototrofik,0.014475528513392502,0.014475528513390035,1.0000000000001703,optimal,False
cce_0557,Referans_fotoototrofik,0.014475528513392502,0.014475528513390035,1.0000000000001703,optimal,False
cce_1690,Referans_fotoototrofik,0.014475528513392502,0.014475528513390035,1.0000000000001703,optimal,False
cce_0404,Referans_fotoototrofik,0.014475528513392502,0.014475528513390035,1.0000000000001703,optimal,False
cce_1744,Referans_fotoototrofik,0.014475528513392502,0.014475528513390035,1.0000000000001703,optimal,False
cce_3593,Referans_fotoototrofik,0.014475528513392502,0.014475528513390035,1.0000000000001703,optimal,False
cce_0957,Referans_fotoototrofik,4.129705115302047e-17,0.014475528513390035,2.85288727902544e-15,optimal,True
cce_3122,Referans_fotoototrofik,0.014475528513389731,0.014475528513390035,0.999999999999979,optimal,False
cce_0835,Referans_fotoototrofik,1.4050921681791527e-17,0.014475528513390035,9.70667265709453e-16,optimal,True
cce_1473,Referans_fotoototrofik,0.01447552851339144,0.014475528513390035,1.000000000000097,optimal,False
fig_43989_3_peg_2191,Referans_fotoototrofik,0.014475528513392502,0.014475528513390035,1.0000000000001703,optimal,False
cce_3275,Referans_fotoototrofik,2.30479067458851e-17,0.014475528513390035,1.5921979445907978e-15,optimal,True
cce_1895,Referans_fotoototrofik,0.014475528513390153,0.014475528513390035,1.0000000000000082,optimal,False
cce_2224,Referans_fotoototrofik,0.011252022529621979,0.014475528513390035,0.7773134168616865,optimal,False
cce_1774,Referans_fotoototrofik,0.014475528513389398,0.014475528513390035,0.999999999999956,optimal,False
cce_4052,Referans_fotoototrofik,0.014475528513392844,0.014475528513390035,1.000000000000194,optimal,False
cce_3186,Referans_fotoototrofik,-5.183047171419407e-17,0.014475528513390035,-3.580558158291096e-15,optimal,True
cce_4221,Referans_fotoototrofik,-3.188258817503242e-14,0.014475528513390035,-2.202516346504423e-12,optimal,True
cce_4003,Referans_fotoototrofik,1.3495204526077274e-16,0.014475528513390035,9.322771540668826e-15,optimal,True
cce_4021,Referans_fotoototrofik,0.0,0.014475528513390035,0.0,optimal,True
cce_3483,Referans_fotoototrofik,0.014475528513389577,0.014475528513390035,0.9999999999999684,optimal,False
cce_3372,Referans_fotoototrofik,-7.410708104041987e-17,0.014475528513390035,-5.119473252522002e-15,optimal,True
cce_5234,Referans_fotoototrofik,0.014475528513390453,0.014475528513390035,1.0000000000000289,optimal,False
cce_4027,Referans_fotoototrofik,-2.5098540522727994e-17,0.014475528513390035,-1.7338600452143455e-15,optimal,True
cce_4378,Referans_fotoototrofik,0.0,0.014475528513390035,0.0,optimal,True
cce_4866,Referans_fotoototrofik,0.01447552851338968,0.014475528513390035,0.9999999999999755,optimal,False
cce_3751,Referans_fotoototrofik,-6.074111544469903e-17,0.014475528513390035,-4.19612419598447e-15,optimal,True
cce_3951,Referans_fotoototrofik,0.014311385583261354,0.014475528513390035,0.9886606606469085,optimal,False
cce_1331,Referans_fotoototrofik,0.014475528513391572,0.014475528513390035,1.0000000000001061,optimal,False
cce_4024,Referans_fotoototrofik,-2.5098540522727994e-17,0.014475528513390035,-1.7338600452143455e-15,optimal,True
cce_2295,Referans_fotoototrofik,0.014475528513389636,0.014475528513390035,0.9999999999999725,optimal,False
cce_0669,Referans_fotoototrofik,0.014475528513392844,0.014475528513390035,1.000000000000194,optimal,False
cce_4518,Referans_fotoototrofik,9.596272478529514e-16,0.014475528513390035,6.629307157699181e-14,optimal,True
cce_4151,Referans_fotoototrofik,0.014475528513399472,0.014475528513390035,1.000000000000652,optimal,False
cce_3838,Referans_fotoototrofik,0.014475528513392844,0.014475528513390035,1.000000000000194,optimal,False
cce_2896,Referans_fotoototrofik,0.014475528513392844,0.014475528513390035,1.000000000000194,optimal,False
cce_1063,Referans_fotoototrofik,0.014475528513393161,0.014475528513390035,1.000000000000216,optimal,False
cce_1781,Referans_fotoototrofik,2.826852705377332e-17,0.014475528513390035,1.9528493918287404e-15,optimal,True
cce_0476,Referans_fotoototrofik,0.0,0.014475528513390035,0.0,optimal,True
cce_4237,Referans_fotoototrofik,0.0,0.014475528513390035,0.0,optimal,True
cce_3420,Referans_fotoototrofik,0.014475528513390153,0.014475528513390035,1.0000000000000082,optimal,False
cce_2884,Referans_fotoototrofik,0.014475528513390472,0.014475528513390035,1.0000000000000302,optimal,False
cce_2108,Referans_fotoototrofik,0.014475528513390472,0.014475528513390035,1.0000000000000302,optimal,False
cce_1078,Referans_fotoototrofik,2.7493102755046686e-18,0.014475528513390035,1.8992814479702927e-16,optimal,True
cce_0396,Referans_fotoototrofik,-4.579644940647347e-16,0.014475528513390035,-3.163715187608606e-14,optimal,True
cce_4404,Referans_fotoototrofik,0.014475528513395142,0.014475528513390035,1.0000000000003528,optimal,False
cce_2380,Referans_fotoototrofik,2.7662152670589305e-14,0.014475528513390035,1.9109597722115286e-12,optimal,True
cce_1688,Referans_fotoototrofik,0.014475528513389025,0.014475528513390035,0.9999999999999303,optimal,False
cce_1760,Referans_fotoototrofik,0.014475528513390472,0.014475528513390035,1.0000000000000302,optimal,False
cce_1730,Referans_fotoototrofik,0.014475528513390472,0.014475528513390035,1.0000000000000302,optimal,False
cce_0279,Referans_fotoototrofik,0.014475528513390472,0.014475528513390035,1.0000000000000302,optimal,False
cce_1004,Referans_fotoototrofik,0.014475528513390472,0.014475528513390035,1.0000000000000302,optimal,False
cce_0248,Referans_fotoototrofik,0.014475528513390472,0.014475528513390035,1.0000000000000302,optimal,False
cce_2609,Referans_fotoototrofik,0.014402239874189137,0.014475528513390035,0.9949370664336639,optimal,False
cce_4219,Referans_fotoototrofik,-3.2745797293065605e-16,0.014475528513390035,-2.2621486505846993e-14,optimal,True
cce_0219,Referans_fotoototrofik,-6.892218862053882e-17,0.014475528513390035,-4.761289963042453e-15,optimal,True
cce_4406,Referans_fotoototrofik,0.014475528513389398,0.014475528513390035,0.999999999999956,optimal,False
cce_2946,Referans_fotoototrofik,0.014475528513390035,0.014475528513390035,1.0,optimal,False
cce_1700,Referans_fotoototrofik,0.014475528513390035,0.014475528513390035,1.0,optimal,False
cce_3411,Referans_fotoototrofik,0.014475528513390035,0.014475528513390035,1.0,optimal,False
cce_3260,Referans_fotoototrofik,-8.999306694531414e-17,0.014475528513390035,-6.216910620021196e-15,optimal,True
cce_4152,Referans_fotoototrofik,0.0,0.014475528513390035,0.0,optimal,True
cce_2226,Referans_fotoototrofik,0.014475528513390108,0.014475528513390035,1.000000000000005,optimal,False
cce_0753,Referans_fotoototrofik,0.014475528513390035,0.014475528513390035,1.0,optimal,False
cce_1357,Referans_fotoototrofik,0.014475528513390035,0.014475528513390035,1.0,optimal,False
cce_0995,Referans_fotoototrofik,4.621784903616246e-16,0.014475528513390035,3.192826361635805e-14,optimal,True
cce_2454,Referans_fotoototrofik,0.01447552851337902,0.014475528513390035,0.999999999999239,optimal,False
cce_1583,Referans_fotoototrofik,0.014475528513390035,0.014475528513390035,1.0,optimal,False
cce_4460,Referans_fotoototrofik,-1.0413521325226528e-17,0.014475528513390035,-7.193879874986186e-16,optimal,True
cce_2082,Referans_fotoototrofik,0.0,0.014475528513390035,0.0,optimal,True
cce_3164,Referans_fotoototrofik,-3.443686219067748e-16,0.014475528513390035,-2.3789709756588834e-14,optimal,True
cce_4160,Referans_fotoototrofik,0.014475528513388172,0.014475528513390035,0.9999999999998713,optimal,False
cce_0064,Referans_fotoototrofik,6.9355944177141205e-19,0.014475528513390035,4.791254710526537e-17,optimal,True
cce_4025,Referans_fotoototrofik,0.0,0.014475528513390035,0.0,optimal,True
cce_2468,Referans_fotoototrofik,0.014475528513389766,0.014475528513390035,0.9999999999999815,optimal,False
cce_4620,Referans_fotoototrofik,0.014475528513390035,0.014475528513390035,1.0,optimal,False
cce_4831,Referans_fotoototrofik,0.014475528513390035,0.014475528513390035,1.0,optimal,False
cce_2975,Referans_fotoototrofik,-3.7628222674323445e-17,0.014475528513390035,-2.5994368799396092e-15,optimal,True
cce_4228,Referans_fotoototrofik,0.01447552851338999,0.014475528513390035,0.9999999999999969,optimal,False
cce_1693,Referans_fotoototrofik,0.014475528513390035,0.014475528513390035,1.0,optimal,False
cce_0846,Referans_fotoototrofik,0.014475528513390035,0.014475528513390035,1.0,optimal,False
cce_3178,Referans_fotoototrofik,-5.776960175611489e-17,0.014475528513390035,-3.990845771377351e-15,optimal,True
cce_4412,Referans_fotoototrofik,0.014475528513390486,0.014475528513390035,1.000000000000031,optimal,False
cce_3415,Referans_fotoototrofik,0.014475528513390035,0.014475528513390035,1.0,optimal,False
cce_0883,Referans_fotoototrofik,0.014475528513390035,0.014475528513390035,1.0,optimal,False
cce_0103,Referans_fotoototrofik,3.322783688274878e-16,0.014475528513390035,2.2954489607762946e-14,optimal,True
cce_0998,Referans_fotoototrofik,-1.1563462993563536e-16,0.014475528513390035,-7.98828380108346e-15,optimal,True
cce_2075,Referans_fotoototrofik,0.014475528513389546,0.014475528513390035,0.9999999999999662,optimal,False
cce_3285,Referans_fotoototrofik,0.014475528513390035,0.014475528513390035,1.0,optimal,False
cce_1758,Referans_fotoototrofik,-6.385245508868245e-18,0.014475528513390035,-4.4110620921107074e-16,optimal,True
cce_3103,Referans_fotoototrofik,9.556479876466566e-31,0.014475528513390035,6.601817590029068e-29,optimal,True
cce_0144,Referans_fotoototrofik,0.014475528513389766,0.014475528513390035,0.9999999999999815,optimal,False
cce_1507,Referans_fotoototrofik,,0.014475528513390035,0.0,infeasible,True
cce_3916,Referans_fotoototrofik,0.01447552851339682,0.014475528513390035,1.0000000000004687,optimal,False
cce_1311,Referans_fotoototrofik,0.014475528513375267,0.014475528513390035,0.9999999999989798,optimal,False
cce_4432,Referans_fotoototrofik,-1.4400229602365877e-13,0.014475528513390035,-9.947981926218095e-12,optimal,True
cce_0818,Referans_fotoototrofik,0.014475528513387941,0.014475528513390035,0.9999999999998553,optimal,False
cce_0293,Referans_fotoototrofik,-4.57800209774672e-17,0.014475528513390035,-3.1625802771290967e-15,optimal,True
cce_1003,Referans_fotoototrofik,0.014475528513390103,0.014475528513390035,1.0000000000000047,optimal,False
cce_1620,Referans_fotoototrofik,0.01447552851338936,0.014475528513390035,0.9999999999999534,optimal,False
cce_4020,Referans_fotoototrofik,-3.267318539614828e-17,0.014475528513390035,-2.2571324678007576e-15,optimal,True
cce_3612,Referans_fotoototrofik,0.014475528513389572,0.014475528513390035,0.999999999999968,optimal,False
cce_0231,Referans_fotoototrofik,0.01447552851338936,0.014475528513390035,0.9999999999999534,optimal,False
cce_2966,Referans_fotoototrofik,2.138982564923142e-17,0.014475528513390035,1.4776542099617005e-15,optimal,True
cce_0940,Referans_fotoototrofik,0.0,0.014475528513390035,0.0,optimal,True
cce_2378,Referans_fotoototrofik,0.014475528513389648,0.014475528513390035,0.9999999999999732,optimal,False
cce_3100,Referans_fotoototrofik,0.01447552851338936,0.014475528513390035,0.9999999999999534,optimal,False
cce_0136,Referans_fotoototrofik,-3.267559391054381e-17,0.014475528513390035,-2.257298853048336e-15,optimal,True
cce_3755,Referans_fotoototrofik,0.014475528513389735,0.014475528513390035,0.9999999999999792,optimal,False
cce_4118,Referans_fotoototrofik,-3.081259859446188e-17,0.014475528513390035,-2.1285992125233882e-15,optimal,True
cce_0949,Referans_fotoototrofik,0.014475528513390824,0.014475528513390035,1.0000000000000546,optimal,False
cce_3359,Referans_fotoototrofik,0.014475528513388628,0.014475528513390035,0.9999999999999029,optimal,False
cce_0043,Referans_fotoototrofik,0.014475528513388628,0.014475528513390035,0.9999999999999029,optimal,False
cce_3534,Referans_fotoototrofik,-3.3411220486633155e-17,0.014475528513390035,-2.308117486399711e-15,optimal,True
cce_1266,Referans_fotoototrofik,0.014475528513389678,0.014475528513390035,0.9999999999999754,optimal,False
cce_2482,Referans_fotoototrofik,0.014475528513388628,0.014475528513390035,0.9999999999999029,optimal,False
cce_0802,Referans_fotoototrofik,0.014475528513388628,0.014475528513390035,0.9999999999999029,optimal,False
cce_0705,Referans_fotoototrofik,1.1214999296635354e-18,0.014475528513390035,7.747557739436834e-17,optimal,True
cce_1489,Referans_fotoototrofik,0.014475528513389535,0.014475528513390035,0.9999999999999655,optimal,False
cce_4185,Referans_fotoototrofik,0.014475528513388628,0.014475528513390035,0.9999999999999029,optimal,False
cce_2949,Referans_fotoototrofik,0.014475528513388628,0.014475528513390035,0.9999999999999029,optimal,False
cce_2134,Referans_fotoototrofik,0.014250901478777016,0.014475528513390035,0.9844822913094167,optimal,False
cce_2992,Referans_fotoototrofik,-1.351418531930273e-16,0.014475528513390035,-9.335883872427835e-15,optimal,True
cce_0603,Referans_fotoototrofik,0.014475528513390006,0.014475528513390035,0.999999999999998,optimal,False
cce_3180,Referans_fotoototrofik,-4.5364762922919854e-17,0.014475528513390035,-3.133893376048889e-15,optimal,True
cce_3300,Referans_fotoototrofik,0.0144755285133904,0.014475528513390035,1.000000000000025,optimal,False
cce_0077,Referans_fotoototrofik,-1.0829633992238972e-17,0.014475528513390035,-7.481339270080144e-16,optimal,True
cce_3229,Referans_fotoototrofik,0.0,0.014475528513390035,0.0,optimal,True
cce_2731,Referans_fotoototrofik,0.01447552851338906,0.014475528513390035,0.9999999999999326,optimal,False
cce_2316,Referans_fotoototrofik,0.014475528513388684,0.014475528513390035,0.9999999999999066,optimal,False
cce_3892,Referans_fotoototrofik,0.014475528513391537,0.014475528513390035,1.0000000000001037,optimal,False
cce_4038,Referans_fotoototrofik,1.1121894139238181e-17,0.014475528513390035,7.683238735601465e-16,optimal,True
cce_3000,Referans_fotoototrofik,0.014475528513388604,0.014475528513390035,0.9999999999999011,optimal,False
cce_3146,Referans_fotoototrofik,-2.2036351790107175e-17,0.014475528513390035,-1.5223175975732622e-15,optimal,True
cce_1318,Referans_fotoototrofik,0.0,0.014475528513390035,0.0,optimal,True
cce_0314,Referans_fotoototrofik,0.0,0.014475528513390035,0.0,optimal,True
cce_4666,Referans_fotoototrofik,0.0,0.014475528513390035,0.0,optimal,True
cce_1214,Referans_fotoototrofik,0.014475528513388666,0.014475528513390035,0.9999999999999054,optimal,False
cce_4481,Referans_fotoototrofik,0.014475528513391537,0.014475528513390035,1.0000000000001037,optimal,False
cce_4621,Referans_fotoototrofik,0.014475528513391537,0.014475528513390035,1.0000000000001037,optimal,False
cce_0553,Referans_fotoototrofik,0.014475528513391537,0.014475528513390035,1.0000000000001037,optimal,False
cce_0999,Referans_fotoototrofik,0.014475528513391537,0.014475528513390035,1.0000000000001037,optimal,False
cce_3740,Referans_fotoototrofik,-2.0797143277699722e-17,0.014475528513390035,-1.4367104633493775e-15,optimal,True
cce_2551,Referans_fotoototrofik,0.014475528513389048,0.014475528513390035,0.9999999999999318,optimal,False
cce_0575,Referans_fotoototrofik,0.014475528513391537,0.014475528513390035,1.0000000000001037,optimal,False
cce_4577,Referans_fotoototrofik,0.014475528513391537,0.014475528513390035,1.0000000000001037,optimal,False
cce_2591,Referans_fotoototrofik,0.014475528513391537,0.014475528513390035,1.0000000000001037,optimal,False
cce_4420,Referans_fotoototrofik,-4.141575798443045e-18,0.014475528513390035,-2.861087796975453e-16,optimal,True
cce_0044,Referans_fotoototrofik,0.014475528513393454,0.014475528513390035,1.0000000000002363,optimal,False
cce_1903,Referans_fotoototrofik,0.014475528513391537,0.014475528513390035,1.0000000000001037,optimal,False
cce_3410,Referans_fotoototrofik,0.014475528513391537,0.014475528513390035,1.0000000000001037,optimal,False
cce_2758,Referans_fotoototrofik,6.35697471521006e-17,0.014475528513390035,4.391532032374351e-15,optimal,True
cce_0502,Referans_fotoototrofik,0.014475528513395796,0.014475528513390035,1.000000000000398,optimal,False
cce_RNA047,Referans_fotoototrofik,1.1121894139238181e-17,0.014475528513390035,7.683238735601465e-16,optimal,True
cce_3501,Referans_fotoototrofik,0.014475528513388604,0.014475528513390035,0.9999999999999011,optimal,False
cce_1164,Referans_fotoototrofik,0.014475528513391537,0.014475528513390035,1.0000000000001037,optimal,False
cce_1503,Referans_fotoototrofik,0.014475528513391537,0.014475528513390035,1.0000000000001037,optimal,False
cce_0994,Referans_fotoototrofik,0.010282299489792915,0.014475528513390035,0.710322906709877,optimal,False
cce_0320,Referans_fotoototrofik,-1.3134887879673413e-16,0.014475528513390035,-9.073857211861719e-15,optimal,True
cce_4521,Referans_fotoototrofik,0.014475528513389777,0.014475528513390035,0.9999999999999821,optimal,False
cce_1822,Referans_fotoototrofik,-4.216509543716186e-17,0.014475528513390035,-2.912853606564945e-15,optimal,True
cce_1341,Referans_fotoototrofik,-2.0804752843625858e-16,0.014475528513390035,-1.437236148191841e-14,optimal,True
cce_4757,Referans_fotoototrofik,0.014475528513383703,0.014475528513390035,0.9999999999995626,optimal,False
cce_1289,Referans_fotoototrofik,-2.1300570004192428e-16,0.014475528513390035,-1.4714882420002246e-14,optimal,True
cce_0226,Referans_fotoototrofik,0.0,0.014475528513390035,0.0,optimal,True
cce_5184,Referans_fotoototrofik,0.014475528513389735,0.014475528513390035,0.9999999999999792,optimal,False
cce_0987,Referans_fotoototrofik,0.014475528513388628,0.014475528513390035,0.9999999999999029,optimal,False
cce_4814,Referans_fotoototrofik,0.014475528513388628,0.014475528513390035,0.9999999999999029,optimal,False
cce_4654,Referans_fotoototrofik,3.908413058522887e-17,0.014475528513390035,2.7000140650530023e-15,optimal,True
cce_2592,Referans_fotoototrofik,0.014475528513390687,0.014475528513390035,1.000000000000045,optimal,False
cce_3883,Referans_fotoototrofik,0.014475528513388628,0.014475528513390035,0.9999999999999029,optimal,False
cce_0241,Referans_fotoototrofik,0.014475528513388628,0.014475528513390035,0.9999999999999029,optimal,False
cce_5178,Referans_fotoototrofik,0.014475528513388628,0.014475528513390035,0.9999999999999029,optimal,False
cce_0304,Referans_fotoototrofik,0.014475528513388628,0.014475528513390035,0.9999999999999029,optimal,False
cce_RNA052,Referans_fotoototrofik,-2.6952758034677733e-17,0.014475528513390035,-1.861953296540856e-15,optimal,True
cce_2981,Referans_fotoototrofik,0.014475528513390143,0.014475528513390035,1.0000000000000073,optimal,False
cce_2221,Referans_fotoototrofik,0.011252022529619083,0.014475528513390035,0.7773134168614866,optimal,False
cce_0081,Referans_fotoototrofik,0.0,0.014475528513390035,0.0,optimal,True
cce_3935,Referans_fotoototrofik,0.014475528513389454,0.014475528513390035,0.9999999999999598,optimal,False
cce_3462,Referans_fotoototrofik,-2.695034952025949e-17,0.014475528513390035,-1.8617869112917084e-15,optimal,True
cce_2248,Referans_fotoototrofik,0.014475528513389558,0.014475528513390035,0.999999999999967,optimal,False
cce_3252,Referans_fotoototrofik,0.014475528513388628,0.014475528513390035,0.9999999999999029,optimal,False
fig_43989_3_peg_2190,Referans_fotoototrofik,0.014475528513388628,0.014475528513390035,0.9999999999999029,optimal,False
cce_4600,Referans_fotoototrofik,0.014475528513388628,0.014475528513390035,0.9999999999999029,optimal,False
cce_2319,Referans_fotoototrofik,0.011252022529615414,0.014475528513390035,0.7773134168612331,optimal,False
cce_0508,Referans_fotoototrofik,0.014475528513390127,0.014475528513390035,1.0000000000000064,optimal,False
cce_2657,Referans_fotoototrofik,0.014475528513391537,0.014475528513390035,1.0000000000001037,optimal,False
cce_0885,Referans_fotoototrofik,0.014475528513391537,0.014475528513390035,1.0000000000001037,optimal,False
cce_3118,Referans_fotoototrofik,0.014475528513391537,0.014475528513390035,1.0000000000001037,optimal,False
cce_3830,Referans_fotoototrofik,0.014475528513391537,0.014475528513390035,1.0000000000001037,optimal,False
cce_2237,Referans_fotoototrofik,-2.3117358676956896e-17,0.014475528513390035,-1.5969958302781875e-15,optimal,True
cce_3016,Referans_fotoototrofik,0.014475528513389917,0.014475528513390035,0.9999999999999919,optimal,False
cce_2156,Referans_fotoototrofik,0.014475528513391537,0.014475528513390035,1.0000000000001037,optimal,False
cce_1359,Referans_fotoototrofik,0.014475528513391537,0.014475528513390035,1.0000000000001037,optimal,False
cce_0997,Referans_fotoototrofik,0.014406880127451895,0.014475528513390035,0.9952576249029775,optimal,False
cce_0123,Referans_fotoototrofik,0.014475528513401994,0.014475528513390035,1.0000000000008262,optimal,False
cce_0604,Referans_fotoototrofik,0.014475528513391537,0.014475528513390035,1.0000000000001037,optimal,False
cce_3202,Referans_fotoototrofik,2.2975893121478585e-16,0.014475528513390035,1.5872230917320642e-14,optimal,True
cce_1345,Referans_fotoototrofik,0.014475528513390009,0.014475528513390035,0.9999999999999982,optimal,False
cce_3766,Referans_fotoototrofik,0.014475528513391537,0.014475528513390035,1.0000000000001037,optimal,False
cce_1032,Referans_fotoototrofik,6.326276752014177e-17,0.014475528513390035,4.37032523279706e-15,optimal,True
cce_0989,Referans_fotoototrofik,3.558089474430985e-16,0.014475528513390035,2.4580031541782464e-14,optimal,True
cce_4409,Referans_fotoototrofik,0.014475528513388475,0.014475528513390035,0.9999999999998923,optimal,False
cce_3392,Referans_fotoototrofik,1.0857156554526677e-17,0.014475528513390035,7.500352435825524e-16,optimal,True
cce_2223,Referans_fotoototrofik,0.011252022529621078,0.014475528513390035,0.7773134168616244,optimal,False
cce_1240,Referans_fotoototrofik,0.014475528513390127,0.014475528513390035,1.0000000000000064,optimal,False
cce_4304,Referans_fotoototrofik,0.01447218993666766,0.014475528513390035,0.9997693640878613,optimal,False
cce_2883,Referans_fotoototrofik,-8.78374452941484e-14,0.014475528513390035,-6.067995735899918e-12,optimal,True
cce_2236,Referans_fotoototrofik,0.01447552851339666,0.014475528513390035,1.0000000000004576,optimal,False
cce_4022,Referans_fotoototrofik,1.1121894139238181e-17,0.014475528513390035,7.683238735601465e-16,optimal,True
cce_1213,Referans_fotoototrofik,0.014475528513388604,0.014475528513390035,0.9999999999999011,optimal,False
cce_1660,Referans_fotoototrofik,0.01447531445648277,0.014475528513390035,0.9999852124979708,optimal,False
cce_0263,Referans_fotoototrofik,-4.389696272537598e-17,0.014475528513390035,-3.0324946467253868e-15,optimal,True
cce_3972,Referans_fotoototrofik,-5.3973551161769206e-30,0.014475528513390035,-3.7286066005702683e-28,optimal,True
cce_1670,Referans_fotoototrofik,0.014475528513390373,0.014475528513390035,1.0000000000000233,optimal,False
cce_2792,Referans_fotoototrofik,2.1904200977294025e-15,0.014475528513390035,1.5131883410704057e-13,optimal,True
cce_3794,Referans_fotoototrofik,0.014475528513342235,0.014475528513390035,0.9999999999966979,optimal,False
cce_3158,Referans_fotoototrofik,0.014475528513391537,0.014475528513390035,1.0000000000001037,optimal,False
cce_0963,Referans_fotoototrofik,7.218299608061552e-18,0.014475528513390035,4.986553410733529e-16,optimal,True
cce_2658,Referans_fotoototrofik,0.014475528513389636,0.014475528513390035,0.9999999999999725,optimal,False
cce_3150,Referans_fotoototrofik,1.1121894139238181e-17,0.014475528513390035,7.683238735601465e-16,optimal,True
cce_3822,Referans_fotoototrofik,0.0,0.014475528513390035,0.0,optimal,True
cce_0267,Referans_fotoototrofik,0.014475528513393385,0.014475528513390035,1.0000000000002314,optimal,False
cce_4314,Referans_fotoototrofik,6.055857971479125e-17,0.014475528513390035,4.183514243281262e-15,optimal,True
cce_2318,Referans_fotoototrofik,0.011252022529621233,0.014475528513390035,0.777313416861635,optimal,False
cce_2605,Referans_fotoototrofik,3.6161746991020527e-17,0.014475528513390035,2.4981296508497415e-15,optimal,True
cce_1526,Referans_fotoototrofik,-8.136356485005883e-17,0.014475528513390035,-5.6207664386689975e-15,optimal,True
cce_2117,Referans_fotoototrofik,4.0020505094433235e-19,0.014475528513390035,2.7647007884661202e-17,optimal,True
cce_1653,Referans_fotoototrofik,0.0,0.014475528513390035,0.0,optimal,True
cce_4487,Referans_fotoototrofik,,0.014475528513390035,0.0,infeasible,True
cce_4299,Referans_fotoototrofik,0.01447552851338974,0.014475528513390035,0.9999999999999797,optimal,False
cce_3134,Referans_fotoototrofik,2.8717602822491923e-17,0.014475528513390035,1.983872491835293e-15,optimal,True
cce_4168,Referans_fotoototrofik,0.014475528513389485,0.014475528513390035,0.999999999999962,optimal,False
cce_3119,Referans_fotoototrofik,0.014475528513385839,0.014475528513390035,0.9999999999997101,optimal,False
cce_2016,Referans_fotoototrofik,0.014475528513385839,0.014475528513390035,0.9999999999997101,optimal,False
cce_4019,Referans_fotoototrofik,1.5049170465790142e-17,0.014475528513390035,1.0396283943532342e-15,optimal,True
cce_3422,Referans_fotoototrofik,0.014475528513389846,0.014475528513390035,0.9999999999999869,optimal,False
cce_3256,Referans_fotoototrofik,8.640937114189017e-18,0.014475528513390035,5.969341365461059e-16,optimal,True
cce_0801,Referans_fotoototrofik,0.0,0.014475528513390035,0.0,optimal,True
cce_0591,Referans_fotoototrofik,0.014475528513388564,0.014475528513390035,0.9999999999998984,optimal,False
cce_3530,Referans_fotoototrofik,0.014475528513388526,0.014475528513390035,0.9999999999998958,optimal,False
cce_0493,Referans_fotoototrofik,0.014475528513388526,0.014475528513390035,0.9999999999998958,optimal,False
cce_2693,Referans_fotoototrofik,0.014475528513388526,0.014475528513390035,0.9999999999998958,optimal,False
cce_2791,Referans_fotoototrofik,-7.600124481349712e-16,0.014475528513390035,-5.2503260757073613e-14,optimal,True
cce_0927,Referans_fotoototrofik,0.0,0.014475528513390035,0.0,optimal,True
cce_0973,Referans_fotoototrofik,0.014475528513389891,0.014475528513390035,0.99999999999999,optimal,False
cce_2568,Referans_fotoototrofik,0.014475528513388526,0.014475528513390035,0.9999999999998958,optimal,False
cce_4463,Referans_fotoototrofik,-2.504144242516817e-18,0.014475528513390035,-1.7299155883672598e-16,optimal,True
cce_4077,Referans_fotoototrofik,0.0144755285133889,0.014475528513390035,0.9999999999999216,optimal,False
cce_4123,Referans_fotoototrofik,8.640937114187036e-18,0.014475528513390035,5.96934136545969e-16,optimal,True
cce_1165,Referans_fotoototrofik,0.014475528513388564,0.014475528513390035,0.9999999999998984,optimal,False
cce_2756,Referans_fotoototrofik,-1.987409761432231e-14,0.014475528513390035,-1.372944524680984e-12,optimal,True
cce_2779,Referans_fotoototrofik,0.014475528513387015,0.014475528513390035,0.9999999999997914,optimal,False
cce_2061,Referans_fotoototrofik,0.014475528513388526,0.014475528513390035,0.9999999999998958,optimal,False
cce_0926,Referans_fotoototrofik,0.014475528513388526,0.014475528513390035,0.9999999999998958,optimal,False
cce_4042,Referans_fotoototrofik,8.640937114187036e-18,0.014475528513390035,5.96934136545969e-16,optimal,True
cce_0860,Referans_fotoototrofik,-1.785843862979033e-15,0.014475528513390035,-1.2336985563788612e-13,optimal,True
cce_0990,Referans_fotoototrofik,-4.131195245340915e-14,0.014475528513390035,-2.8539166922434027e-12,optimal,True
cce_1064,Referans_fotoototrofik,0.014475528513385584,0.014475528513390035,0.9999999999996925,optimal,False
cce_4146,Referans_fotoototrofik,-5.906812863747224e-17,0.014475528513390035,-4.08055074347258e-15,optimal,True
cce_4423,Referans_fotoototrofik,0.0,0.014475528513390035,0.0,optimal,True
cce_4103,Referans_fotoototrofik,0.014475528513390575,0.014475528513390035,1.0000000000000373,optimal,False
cce_4424,Referans_fotoototrofik,0.014475528513390852,0.014475528513390035,1.0000000000000564,optimal,False
cce_4946,Referans_fotoototrofik,0.014475528513390852,0.014475528513390035,1.0000000000000564,optimal,False
cce_3759,Referans_fotoototrofik,0.014475528513390852,0.014475528513390035,1.0000000000000564,optimal,False
cce_4071,Referans_fotoototrofik,0.014475528513390852,0.014475528513390035,1.0000000000000564,optimal,False
cce_4273,Referans_fotoototrofik,1.627825701534598e-16,0.014475528513390035,1.1245362820630972e-14,optimal,True
cce_0307,Referans_fotoototrofik,0.014475528513371989,0.014475528513390035,0.9999999999987533,optimal,False
cce_0589,Referans_fotoototrofik,0.014475528513390852,0.014475528513390035,1.0000000000000564,optimal,False
cce_2725,Referans_fotoototrofik,-3.931871818984136e-17,0.014475528513390035,-2.716219870899434e-15,optimal,True
cce_4043,Referans_fotoototrofik,0.0,0.014475528513390035,0.0,optimal,True
cce_1607,Referans_fotoototrofik,0.014475528513389025,0.014475528513390035,0.9999999999999303,optimal,False
cce_0399,Referans_fotoototrofik,0.014475528513390852,0.014475528513390035,1.0000000000000564,optimal,False
cce_4704,Referans_fotoototrofik,0.014475528513390852,0.014475528513390035,1.0000000000000564,optimal,False
cce_1599,Referans_fotoototrofik,2.5151917738163314e-15,0.014475528513390035,1.7375474556868507e-13,optimal,True
cce_3976,Referans_fotoototrofik,0.0,0.014475528513390035,0.0,optimal,True
cce_1946,Referans_fotoototrofik,0.0,0.014475528513390035,0.0,optimal,True
cce_2120,Referans_fotoototrofik,0.0,0.014475528513390035,0.0,optimal,True
cce_0595,Referans_fotoototrofik,0.014475528513389577,0.014475528513390035,0.9999999999999684,optimal,False
cce_2879,Referans_fotoototrofik,0.014475528513390852,0.014475528513390035,1.0000000000000564,optimal,False
cce_0921,Referans_fotoototrofik,-4.55880016742127e-15,0.014475528513390035,-3.149315179203527e-13,optimal,True
cce_0384,Referans_fotoototrofik,0.014475528513399973,0.014475528513390035,1.0000000000006866,optimal,False
cce_4015,Referans_fotoototrofik,-3.931871818984136e-17,0.014475528513390035,-2.716219870899434e-15,optimal,True
cce_1861,Referans_fotoototrofik,6.2657043007894086e-30,0.014475528513390035,4.328480507632974e-28,optimal,True
cce_2305,Referans_fotoototrofik,0.0,0.014475528513390035,0.0,optimal,True
cce_2877,Referans_fotoototrofik,0.014475528513389823,0.014475528513390035,0.9999999999999853,optimal,False
cce_1512,Referans_fotoototrofik,0.014475528513390852,0.014475528513390035,1.0000000000000564,optimal,False
cce_0460,Referans_fotoototrofik,-3.931597684817428e-17,0.014475528513390035,-2.7160304932428916e-15,optimal,True
cce_1542,Referans_fotoototrofik,0.014475528513389133,0.014475528513390035,0.9999999999999377,optimal,False
cce_3982,Referans_fotoototrofik,0.014475528513390852,0.014475528513390035,1.0000000000000564,optimal,False
cce_1210,Referans_fotoototrofik,-1.037518251504237e-14,0.014475528513390035,-7.167394617367652e-13,optimal,True
cce_2696,Referans_fotoototrofik,-5.755902931719958e-17,0.014475528513390035,-3.976298983761235e-15,optimal,True
cce_2494,Referans_fotoototrofik,0.01447552851339021,0.014475528513390035,1.0000000000000122,optimal,False
cce_3963,Referans_fotoototrofik,0.014475528513390852,0.014475528513390035,1.0000000000000564,optimal,False
cce_4591,Referans_fotoototrofik,-3.9313235506507195e-17,0.014475528513390035,-2.715841115586349e-15,optimal,True
cce_3707,Referans_fotoototrofik,0.014475163331136227,0.014475528513390035,0.9999747724407112,optimal,False
cce_4680,Referans_fotoototrofik,3.143686509714811e-16,0.014475528513390035,2.171724857442589e-14,optimal,True
cce_4258,Referans_fotoototrofik,0.0,0.014475528513390035,0.0,optimal,True
cce_1601,Referans_fotoototrofik,0.014475528513389674,0.014475528513390035,0.999999999999975,optimal,False
cce_0600,Referans_fotoototrofik,0.014475528513390852,0.014475528513390035,1.0000000000000564,optimal,False
cce_2887,Referans_fotoototrofik,-3.931871818984136e-17,0.014475528513390035,-2.716219870899434e-15,optimal,True
cce_2225,Referans_fotoototrofik,0.014475528513390434,0.014475528513390035,1.0000000000000275,optimal,False
cce_3635,Referans_fotoototrofik,0.014475528513390852,0.014475528513390035,1.0000000000000564,optimal,False
cce_1392,Referans_fotoototrofik,-3.931871818984136e-17,0.014475528513390035,-2.716219870899434e-15,optimal,True
cce_1640,Referans_fotoototrofik,0.014475528513389724,0.014475528513390035,0.9999999999999786,optimal,False
cce_0798,Referans_fotoototrofik,2.35798817594031e-15,0.014475528513390035,1.6289478990415745e-13,optimal,True
cce_0305,Referans_fotoototrofik,0.014475528513395305,0.014475528513390035,1.0000000000003642,optimal,False
cce_4888,Referans_fotoototrofik,0.014475528513390852,0.014475528513390035,1.0000000000000564,optimal,False
cce_2170,Referans_fotoototrofik,0.014475528513390852,0.014475528513390035,1.0000000000000564,optimal,False
cce_2643,Referans_fotoototrofik,0.014402239874189624,0.014475528513390035,0.9949370664336975,optimal,False
cce_4945,Referans_fotoototrofik,0.014475528513390935,0.014475528513390035,1.0000000000000622,optimal,False
cce_0172,Referans_fotoototrofik,-7.861550564634607e-17,0.014475528513390035,-5.430924720546528e-15,optimal,True
cce_2771,Referans_fotoototrofik,0.014475528513389057,0.014475528513390035,0.9999999999999324,optimal,False
cce_2932,Referans_fotoototrofik,0.014475528513390852,0.014475528513390035,1.0000000000000564,optimal,False
cce_0871,Referans_fotoototrofik,0.014475528513390852,0.014475528513390035,1.0000000000000564,optimal,False
cce_1176,Referans_fotoototrofik,0.011252022529610845,0.014475528513390035,0.7773134168609175,optimal,False
cce_2298,Referans_fotoototrofik,4.075970074111648e-17,0.014475528513390035,2.815765980731776e-15,optimal,True
cce_2054,Referans_fotoototrofik,0.014475528513389891,0.014475528513390035,0.99999999999999,optimal,False
cce_0303,Referans_fotoototrofik,0.014475528513390852,0.014475528513390035,1.0000000000000564,optimal,False
cce_1514,Referans_fotoototrofik,0.014475528513390852,0.014475528513390035,1.0000000000000564,optimal,False
cce_3347,Referans_fotoototrofik,-3.931871818984136e-17,0.014475528513390035,-2.716219870899434e-15,optimal,True
cce_4030,Referans_fotoototrofik,0.0,0.014475528513390035,0.0,optimal,True
cce_4813,Referans_fotoototrofik,0.014475528513389251,0.014475528513390035,0.9999999999999458,optimal,False
cce_0202,Referans_fotoototrofik,0.014475528513390852,0.014475528513390035,1.0000000000000564,optimal,False
cce_0036,Referans_fotoototrofik,7.88101409047088e-16,0.014475528513390035,5.444370534161049e-14,optimal,True
cce_3620,Referans_fotoototrofik,0.014475528513389702,0.014475528513390035,0.999999999999977,optimal,False
cce_1665,Referans_fotoototrofik,0.014475528513390852,0.014475528513390035,1.0000000000000564,optimal,False
cce_0663,Referans_fotoototrofik,0.014475179502028817,0.014475528513390035,0.9999758895600327,optimal,False
cce_4483,Referans_fotoototrofik,0.014475528513391367,0.014475528513390035,1.000000000000092,optimal,False
cce_2959,Referans_fotoototrofik,3.06609345595316e-16,0.014475528513390035,2.118121941535321e-14,optimal,True
cce_1976,Referans_fotoototrofik,0.012945371327346916,0.014475528513390035,0.8942935185663373,optimal,False
cce_2038,Referans_fotoototrofik,6.226692625655599e-17,0.014475528513390035,4.301530420734438e-15,optimal,True
cce_3957,Referans_fotoototrofik,3.9417326569369326e-15,0.014475528513390035,2.7230319454593893e-13,optimal,True
cce_0240,Referans_fotoototrofik,0.01447552851339023,0.014475528513390035,1.0000000000000133,optimal,False
cce_3663,Referans_fotoototrofik,0.014475528513390578,0.014475528513390035,1.0000000000000375,optimal,False
cce_3335,Referans_fotoototrofik,0.014475528513390578,0.014475528513390035,1.0000000000000375,optimal,False
cce_2939,Referans_fotoototrofik,0.014475528513390578,0.014475528513390035,1.0000000000000375,optimal,False
cce_0292,Referans_fotoototrofik,0.014475528513391013,0.014475528513390035,1.0000000000000675,optimal,False
cce_3993,Referans_fotoototrofik,0.014475528513391013,0.014475528513390035,1.0000000000000675,optimal,False
cce_1588,Referans_fotoototrofik,0.014475528513391013,0.014475528513390035,1.0000000000000675,optimal,False
cce_1859,Referans_fotoototrofik,0.014475528513391013,0.014475528513390035,1.0000000000000675,optimal,False
cce_4385,Referans_fotoototrofik,0.014475528513391013,0.014475528513390035,1.0000000000000675,optimal,False
cce_3801,Referans_fotoototrofik,0.014475528513391013,0.014475528513390035,1.0000000000000675,optimal,False
cce_1057,Referans_fotoototrofik,0.014475528513391013,0.014475528513390035,1.0000000000000675,optimal,False
cce_2358,Referans_fotoototrofik,-5.1246549856232324e-17,0.014475528513390035,-3.540219606408751e-15,optimal,True
cce_2010,Referans_fotoototrofik,0.014475528513388286,0.014475528513390035,0.9999999999998792,optimal,False
cce_0953,Referans_fotoototrofik,0.014475528513391013,0.014475528513390035,1.0000000000000675,optimal,False
cce_1606,Referans_fotoototrofik,0.014475528513391013,0.014475528513390035,1.0000000000000675,optimal,False
cce_0811,Referans_fotoototrofik,3.486914098217956e-14,0.014475528513390035,2.4088337050992777e-12,optimal,True
cce_0701,Referans_fotoototrofik,0.01447552851338133,0.014475528513390035,0.9999999999993987,optimal,False
cce_1349,Referans_fotoototrofik,0.014475528513391013,0.014475528513390035,1.0000000000000675,optimal,False
cce_1776,Referans_fotoototrofik,0.014475528513391013,0.014475528513390035,1.0000000000000675,optimal,False
cce_0065,Referans_fotoototrofik,0.014475528513391013,0.014475528513390035,1.0000000000000675,optimal,False
cce_3504,Referans_fotoototrofik,7.924026875475243e-17,0.014475528513390035,5.474084672034893e-15,optimal,True
cce_2625,Referans_fotoototrofik,-3.772515509357505e-17,0.014475528513390035,-2.6061331756335415e-15,optimal,True
cce_4400,Referans_fotoototrofik,-1.0698282632446945e-16,0.014475528513390035,-7.390598984037721e-15,optimal,True
cce_5186,Referans_fotoototrofik,0.014475528513390009,0.014475528513390035,0.9999999999999982,optimal,False
cce_0224,Referans_fotoototrofik,3.176186701310457e-17,0.014475528513390035,2.1941766743593833e-15,optimal,True
cce_1595,Referans_fotoototrofik,0.014475528513388692,0.014475528513390035,0.9999999999999073,optimal,False
cce_1614,Referans_fotoototrofik,-3.773477167833886e-17,0.014475528513390035,-2.606797509564763e-15,optimal,True
cce_4488,Referans_fotoototrofik,0.014475528513391121,0.014475528513390035,1.000000000000075,optimal,False
cce_0628,Referans_fotoototrofik,-1.5480082430637568e-16,0.014475528513390035,-1.0693967005293318e-14,optimal,True
cce_0807,Referans_fotoototrofik,0.01447552851338917,0.014475528513390035,0.9999999999999402,optimal,False
cce_0912,Referans_fotoototrofik,0.01447552851338882,0.014475528513390035,0.9999999999999161,optimal,False
cce_1139,Referans_fotoototrofik,0.01447552851338882,0.014475528513390035,0.9999999999999161,optimal,False
cce_1905,Referans_fotoototrofik,0.01447552851338882,0.014475528513390035,0.9999999999999161,optimal,False
cce_0154,Referans_fotoototrofik,0.01447552851338882,0.014475528513390035,0.9999999999999161,optimal,False
cce_1242,Referans_fotoototrofik,0.01447552851338882,0.014475528513390035,0.9999999999999161,optimal,False
cce_3401,Referans_fotoototrofik,-9.870869015002587e-17,0.014475528513390035,-6.8190042290144475e-15,optimal,True
cce_3891,Referans_fotoototrofik,0.01447552851339053,0.014475528513390035,1.0000000000000342,optimal,False
cce_2531,Referans_fotoototrofik,0.01447552851338882,0.014475528513390035,0.9999999999999161,optimal,False
cce_4091,Referans_fotoototrofik,1.346557111783512e-17,0.014475528513390035,9.302300158076651e-16,optimal,True
cce_4686,Referans_fotoototrofik,0.014475528513389818,0.014475528513390035,0.999999999999985,optimal,False
cce_4845,Referans_fotoototrofik,0.01447552851338882,0.014475528513390035,0.9999999999999161,optimal,False
cce_4913,Referans_fotoototrofik,0.01447552851338882,0.014475528513390035,0.9999999999999161,optimal,False
cce_2359,Referans_fotoototrofik,-6.031469486760537e-18,0.014475528513390035,-4.166666164334764e-16,optimal,True
cce_1722,Referans_fotoototrofik,0.0,0.014475528513390035,0.0,optimal,True
cce_1384,Referans_fotoototrofik,-5.323884823827658e-16,0.014475528513390035,-3.677851775085795e-14,optimal,True
cce_1975,Referans_fotoototrofik,0.012945371327351733,0.014475528513390035,0.89429351856667,optimal,False
cce_0282,Referans_fotoototrofik,-8.539387140698954e-17,0.014475528513390035,-5.899188504792706e-15,optimal,True
cce_2549,Referans_fotoototrofik,0.014475528513389846,0.014475528513390035,0.9999999999999869,optimal,False
cce_1985,Referans_fotoototrofik,0.014475528513391013,0.014475528513390035,1.0000000000000675,optimal,False
cce_2882,Referans_fotoototrofik,3.765275970038291e-14,0.014475528513390035,2.6011319493829646e-12,optimal,True
cce_1659,Referans_fotoototrofik,0.014475528513390123,0.014475528513390035,1.0000000000000062,optimal,False
cce_5286,Referans_fotoototrofik,6.093896933706528e-17,0.014475528513390035,4.209792359615472e-15,optimal,True
cce_2958,Referans_fotoototrofik,0.014475528513389204,0.014475528513390035,0.9999999999999426,optimal,False
cce_4254,Referans_fotoototrofik,0.014475528513391013,0.014475528513390035,1.0000000000000675,optimal,False
cce_0387,Referans_fotoototrofik,0.014475528513391013,0.014475528513390035,1.0000000000000675,optimal,False
cce_4253,Referans_fotoototrofik,0.014475528513391013,0.014475528513390035,1.0000000000000675,optimal,False
cce_1996,Referans_fotoototrofik,0.014475528513391013,0.014475528513390035,1.0000000000000675,optimal,False
cce_1367,Referans_fotoototrofik,7.92290108293174e-17,0.014475528513390035,5.473306950832892e-15,optimal,True
cce_5187,Referans_fotoototrofik,0.014475528513389258,0.014475528513390035,0.9999999999999463,optimal,False
cce_4479,Referans_fotoototrofik,0.014475528513391013,0.014475528513390035,1.0000000000000675,optimal,False
cce_0382,Referans_fotoototrofik,7.924277051595968e-17,0.014475528513390035,5.474257498968633e-15,optimal,True
cce_2522,Referans_fotoototrofik,0.014475528513389959,0.014475528513390035,0.9999999999999948,optimal,False
cce_1850,Referans_fotoototrofik,0.014463563636958226,0.014475528513390035,0.999173441134067,optimal,False
cce_0890,Referans_fotoototrofik,0.014475528513390016,0.014475528513390035,0.9999999999999987,optimal,False
cce_1527,Referans_fotoototrofik,0.014475528513391013,0.014475528513390035,1.0000000000000675,optimal,False
cce_2813,Referans_fotoototrofik,0.014475528513391013,0.014475528513390035,1.0000000000000675,optimal,False
cce_0829,Referans_fotoototrofik,-1.344320631153343e-17,0.014475528513390035,-9.286850078805968e-16,optimal,True
cce_0217,Referans_fotoototrofik,0.0,0.014475528513390035,0.0,optimal,True
cce_3025,Referans_fotoototrofik,0.014475528513390692,0.014475528513390035,1.0000000000000455,optimal,False
cce_0544,Referans_fotoototrofik,0.014475528513391013,0.014475528513390035,1.0000000000000675,optimal,False
cce_0825,Referans_fotoototrofik,0.014475528513391013,0.014475528513390035,1.0000000000000675,optimal,False
cce_5197,Referans_fotoototrofik,0.014475528513391013,0.014475528513390035,1.0000000000000675,optimal,False
cce_2314,Referans_fotoototrofik,0.014475528513391013,0.014475528513390035,1.0000000000000675,optimal,False
cce_2222,Referans_fotoototrofik,0.011252022529621106,0.014475528513390035,0.7773134168616264,optimal,False
cce_3244,Referans_fotoototrofik,0.014475179502028392,0.014475528513390035,0.9999758895600033,optimal,False
cce_3816,Referans_fotoototrofik,7.772583376994639e-14,0.014475528513390035,5.369464313378892e-12,optimal,True
cce_0510,Referans_fotoototrofik,6.645149911529156e-17,0.014475528513390035,4.5906095279231524e-15,optimal,True
cce_1014,Referans_fotoototrofik,0.0,0.014475528513390035,0.0,optimal,True
cce_4073,Referans_fotoototrofik,0.014475528513389827,0.014475528513390035,0.9999999999999856,optimal,False
cce_1411,Referans_fotoototrofik,0.014475528513391013,0.014475528513390035,1.0000000000000675,optimal,False
cce_2255,Referans_fotoototrofik,0.014475528513391013,0.014475528513390035,1.0000000000000675,optimal,False
cce_2560,Referans_fotoototrofik,0.014475528513391013,0.014475528513390035,1.0000000000000675,optimal,False
cce_0061,Referans_fotoototrofik,0.014475163331137093,0.014475528513390035,0.999974772440771,optimal,False
cce_3970,Referans_fotoototrofik,0.014475528513437974,0.014475528513390035,1.0000000000033118,optimal,False
cce_1747,Referans_fotoototrofik,1.1470041858941732e-15,0.014475528513390035,7.923746513525781e-14,optimal,True
cce_2923,Referans_fotoototrofik,-2.2895766645184283e-18,0.014475528513390035,-1.5816877859765485e-16,optimal,True
cce_4122,Referans_fotoototrofik,0.0,0.014475528513390035,0.0,optimal,True
cce_4475,Referans_fotoototrofik,0.014475528513389856,0.014475528513390035,0.9999999999999877,optimal,False
cce_2765,Referans_fotoototrofik,0.014475528513391013,0.014475528513390035,1.0000000000000675,optimal,False
cce_4013,Referans_fotoototrofik,6.093896933706528e-17,0.014475528513390035,4.209792359615472e-15,optimal,True
cce_1511,Referans_fotoototrofik,,0.014475528513390035,0.0,infeasible,True
cce_1789,Referans_fotoototrofik,0.014475528513308054,0.014475528513390035,0.9999999999943365,optimal,False
cce_4222,Referans_fotoototrofik,-8.753831067776367e-16,0.014475528513390035,-6.047330886522706e-14,optimal,True
cce_1533,Referans_fotoototrofik,0.0,0.014475528513390035,0.0,optimal,True
cce_3224,Referans_fotoototrofik,0.0,0.014475528513390035,0.0,optimal,True
cce_0797,Referans_fotoototrofik,0.014475528513391796,0.014475528513390035,1.0000000000001217,optimal,False
cce_0405,Referans_fotoototrofik,0.01447552851339575,0.014475528513390035,1.0000000000003948,optimal,False
cce_2412,Referans_fotoototrofik,1.7937517451910726e-16,0.014475528513390035,1.2391614879773344e-14,optimal,True
cce_4571,Referans_fotoototrofik,-2.1804345683101193e-30,0.014475528513390035,-1.5062901270189836e-28,optimal,True
cce_3233,Referans_fotoototrofik,0.014475528513390103,0.014475528513390035,1.0000000000000047,optimal,False
cce_4028,Referans_fotoototrofik,-5.292722197117333e-18,0.014475528513390035,-3.6563239761653625e-16,optimal,True
cce_3487,Referans_fotoototrofik,0.014475528513390089,0.014475528513390035,1.0000000000000038,optimal,False
cce_1284,Referans_fotoototrofik,0.01447552851339575,0.014475528513390035,1.0000000000003948,optimal,False
cce_2207,Referans_fotoototrofik,0.01447552851339575,0.014475528513390035,1.0000000000003948,optimal,False
cce_4758,Referans_fotoototrofik,0.01447552851339575,0.014475528513390035,1.0000000000003948,optimal,False
cce_4520,Referans_fotoototrofik,0.01447552851339575,0.014475528513390035,1.0000000000003948,optimal,False
cce_3984,Referans_fotoototrofik,0.01447552851339575,0.014475528513390035,1.0000000000003948,optimal,False
cce_2627,Referans_fotoototrofik,0.01447552851339575,0.014475528513390035,1.0000000000003948,optimal,False
cce_1806,Referans_fotoototrofik,0.01447552851339575,0.014475528513390035,1.0000000000003948,optimal,False
cce_0338,Referans_fotoototrofik,0.01447552851339575,0.014475528513390035,1.0000000000003948,optimal,False
cce_1917,Referans_fotoototrofik,0.01447552851339575,0.014475528513390035,1.0000000000003948,optimal,False
cce_2253,Referans_fotoototrofik,0.01447552851339575,0.014475528513390035,1.0000000000003948,optimal,False
cce_4692,Referans_fotoototrofik,0.01447552851339575,0.014475528513390035,1.0000000000003948,optimal,False
cce_4637,Referans_fotoototrofik,0.01447552851339575,0.014475528513390035,1.0000000000003948,optimal,False
cce_4353,Referans_fotoototrofik,0.01447552851339575,0.014475528513390035,1.0000000000003948,optimal,False
cce_3223,Referans_fotoototrofik,8.42545741838765e-17,0.014475528513390035,5.820483452879805e-15,optimal,True
cce_3989,Referans_fotoototrofik,0.014475528513389041,0.014475528513390035,0.9999999999999313,optimal,False
cce_3509,Referans_fotoototrofik,0.01447552851339575,0.014475528513390035,1.0000000000003948,optimal,False
cce_2373,Referans_fotoototrofik,0.01447552851339575,0.014475528513390035,1.0000000000003948,optimal,False
cce_0091,Referans_fotoototrofik,0.01447552851339575,0.014475528513390035,1.0000000000003948,optimal,False
cce_4480,Referans_fotoototrofik,0.01447552851339575,0.014475528513390035,1.0000000000003948,optimal,False
cce_1121,Referans_fotoototrofik,0.01447552851339575,0.014475528513390035,1.0000000000003948,optimal,False
cce_0897,Referans_fotoototrofik,0.01447552851339575,0.014475528513390035,1.0000000000003948,optimal,False
cce_3209,Referans_fotoototrofik,1.7294999422746338e-18,0.014475528513390035,1.194774989165215e-16,optimal,True
cce_0844,Referans_fotoototrofik,0.01447552851339023,0.014475528513390035,1.0000000000000133,optimal,False
cce_3508,Referans_fotoototrofik,0.01447552851339575,0.014475528513390035,1.0000000000003948,optimal,False
cce_4512,Referans_fotoototrofik,-3.9702384001122346e-16,0.014475528513390035,-2.742724313270992e-14,optimal,True
cce_1163,Referans_fotoototrofik,0.014475528513389067,0.014475528513390035,0.9999999999999332,optimal,False
cce_1010,Referans_fotoototrofik,0.01447552851339575,0.014475528513390035,1.0000000000003948,optimal,False
cce_2610,Referans_fotoototrofik,0.01447552851339575,0.014475528513390035,1.0000000000003948,optimal,False
cce_2630,Referans_fotoototrofik,0.01447552851339575,0.014475528513390035,1.0000000000003948,optimal,False
cce_4510,Referans_fotoototrofik,0.01447552851339575,0.014475528513390035,1.0000000000003948,optimal,False
cce_4473,Referans_fotoototrofik,-2.594698011563434e-18,0.014475528513390035,-1.7924720393893097e-16,optimal,True
cce_2536,Referans_fotoototrofik,0.01447552851339068,0.014475528513390035,1.0000000000000446,optimal,False
cce_0258,Referans_fotoototrofik,1.772872617092144e-16,0.014475528513390035,1.2247377465024615e-14,optimal,True
cce_2572,Referans_fotoototrofik,2.596194308800119e-15,0.014475528513390035,1.7935057130374262e-13,optimal,True
cce_4638,Referans_fotoototrofik,-3.404250149450762e-15,0.014475528513390035,-2.3517277081122047e-13,optimal,True
cce_5183,Referans_fotoototrofik,0.014475528513391064,0.014475528513390035,1.000000000000071,optimal,False
cce_2697,Referans_fotoototrofik,0.01447552851339575,0.014475528513390035,1.0000000000003948,optimal,False
cce_1692,Referans_fotoototrofik,0.01447552851339575,0.014475528513390035,1.0000000000003948,optimal,False
cce_3251,Referans_fotoototrofik,-4.4786843820394315e-17,0.014475528513390035,-3.093969507155884e-15,optimal,True
cce_0315,Referans_fotoototrofik,0.0,0.014475528513390035,0.0,optimal,True
cce_3156,Referans_fotoototrofik,0.014475528513387894,0.014475528513390035,0.9999999999998521,optimal,False
cce_0590,Referans_fotoototrofik,-1.1569967060508838e-14,0.014475528513390035,-7.992776947526636e-13,optimal,True
cce_1629,Referans_fotoototrofik,0.014475528513401632,0.014475528513390035,1.0000000000008011,optimal,False
cce_1485,Referans_fotoototrofik,0.014475528513393083,0.014475528513390035,1.0000000000002105,optimal,False
cce_0800,Referans_fotoototrofik,0.014475528513393083,0.014475528513390035,1.0000000000002105,optimal,False
cce_4350,Referans_fotoototrofik,0.014475528513393083,0.014475528513390035,1.0000000000002105,optimal,False
cce_3516,Referans_fotoototrofik,0.014475528513393083,0.014475528513390035,1.0000000000002105,optimal,False
cce_3887,Referans_fotoototrofik,0.014475528513393083,0.014475528513390035,1.0000000000002105,optimal,False
cce_4227,Referans_fotoototrofik,-2.6136478603569913e-17,0.014475528513390035,-1.80556299408297e-15,optimal,True
cce_2302,Referans_fotoototrofik,0.014475528513389693,0.014475528513390035,0.9999999999999764,optimal,False
cce_4029,Referans_fotoototrofik,2.860435743391413e-17,0.014475528513390035,1.976049261859749e-15,optimal,True
cce_3716,Referans_fotoototrofik,0.0,0.014475528513390035,0.0,optimal,True
cce_4745,Referans_fotoototrofik,0.014475528513393404,0.014475528513390035,1.0000000000002327,optimal,False
cce_1310,Referans_fotoototrofik,0.014475528513393083,0.014475528513390035,1.0000000000002105,optimal,False
cce_4478,Referans_fotoototrofik,-2.6136478603569913e-17,0.014475528513390035,-1.80556299408297e-15,optimal,True
cce_2963,Referans_fotoototrofik,0.014475528513389693,0.014475528513390035,0.9999999999999764,optimal,False
cce_0032,Referans_fotoototrofik,0.014475528513393083,0.014475528513390035,1.0000000000002105,optimal,False
cce_3754,Referans_fotoototrofik,0.014475528513393083,0.014475528513390035,1.0000000000002105,optimal,False
cce_4249,Referans_fotoototrofik,-8.395499545346418e-17,0.014475528513390035,-5.7997879231701155e-15,optimal,True
cce_1864,Referans_fotoototrofik,0.014475528513389242,0.014475528513390035,0.9999999999999453,optimal,False
cce_2750,Referans_fotoototrofik,0.014475528513393083,0.014475528513390035,1.0000000000002105,optimal,False
cce_2342,Referans_fotoototrofik,-1.7613457791075053e-17,0.014475528513390035,-1.2167747640289883e-15,optimal,True
cce_0294,Referans_fotoototrofik,0.0,0.014475528513390035,0.0,optimal,True
cce_4370,Referans_fotoototrofik,0.0,0.014475528513390035,0.0,optimal,True
cce_1495,Referans_fotoototrofik,0.014475528513390184,0.014475528513390035,1.0000000000000102,optimal,False
cce_0538,Referans_fotoototrofik,0.014475528513393083,0.014475528513390035,1.0000000000002105,optimal,False
cce_2357,Referans_fotoototrofik,-6.635551204057723e-17,0.014475528513390035,-4.583978538621067e-15,optimal,True
cce_4489,Referans_fotoototrofik,0.014475528513388543,0.014475528513390035,0.999999999999897,optimal,False
cce_3261,Referans_fotoototrofik,0.014475528513393083,0.014475528513390035,1.0000000000002105,optimal,False
cce_4110,Referans_fotoototrofik,0.014475528513393083,0.014475528513390035,1.0000000000002105,optimal,False
cce_1508,Referans_fotoototrofik,0.014475528513393083,0.014475528513390035,1.0000000000002105,optimal,False
cce_1674,Referans_fotoototrofik,5.206834283216533e-17,0.014475528513390035,3.596990796156527e-15,optimal,True
cce_1501,Referans_fotoototrofik,0.014475528513389424,0.014475528513390035,0.9999999999999578,optimal,False
cce_1290,Referans_fotoototrofik,-1.8863730011712934e-15,0.014475528513390035,-1.303146202521294e-13,optimal,True
cce_1166,Referans_fotoototrofik,0.014475528513381757,0.014475528513390035,0.9999999999994281,optimal,False
cce_4760,Referans_fotoototrofik,-3.83119602848269e-17,0.014475528513390035,-2.646670914252829e-15,optimal,True
cce_2936,Referans_fotoototrofik,0.0,0.014475528513390035,0.0,optimal,True
cce_0594,Referans_fotoototrofik,0.0,0.014475528513390035,0.0,optimal,True
cce_3423,Referans_fotoototrofik,0.014475528513389326,0.014475528513390035,0.999999999999951,optimal,False
cce_4117,Referans_fotoototrofik,-2.5557014916576795e-17,0.014475528513390035,-1.765532422041534e-15,optimal,True
cce_1377,Referans_fotoototrofik,0.014475528513389648,0.014475528513390035,0.9999999999999732,optimal,False
cce_2789,Referans_fotoototrofik,0.014475528513393083,0.014475528513390035,1.0000000000002105,optimal,False
cce_0284,Referans_fotoototrofik,5.206834283216533e-17,0.014475528513390035,3.596990796156527e-15,optimal,True
cce_2244,Referans_fotoototrofik,0.014475528513389424,0.014475528513390035,0.9999999999999578,optimal,False
cce_3607,Referans_fotoototrofik,0.014475528513393083,0.014475528513390035,1.0000000000002105,optimal,False
cce_4860,Referans_fotoototrofik,0.014475528513393083,0.014475528513390035,1.0000000000002105,optimal,False
cce_1522,Referans_fotoototrofik,0.014475528513393083,0.014475528513390035,1.0000000000002105,optimal,False
cce_4034,Referans_fotoototrofik,5.070251448043628e-15,0.014475528513390035,3.502636496728658e-13,optimal,True
cce_2888,Referans_fotoototrofik,0.014475528513386123,0.014475528513390035,0.9999999999997298,optimal,False
cce_0878,Referans_fotoototrofik,-2.1409021167411344e-17,0.014475528513390035,-1.4789802767897384e-15,optimal,True
cce_4208,Referans_fotoototrofik,0.01447552851338952,0.014475528513390035,0.9999999999999644,optimal,False
cce_3522,Referans_fotoototrofik,0.014475528513393083,0.014475528513390035,1.0000000000002105,optimal,False
cce_4075,Referans_fotoototrofik,0.014475528513393083,0.014475528513390035,1.0000000000002105,optimal,False
cce_4626,Referans_fotoototrofik,0.014475528513393083,0.014475528513390035,1.0000000000002105,optimal,False
cce_4391,Referans_fotoototrofik,0.014475528513393083,0.014475528513390035,1.0000000000002105,optimal,False
cce_1391,Referans_fotoototrofik,2.8604357433919806e-17,0.014475528513390035,1.976049261860141e-15,optimal,True
cce_1506,Referans_fotoototrofik,,0.014475528513390035,0.0,infeasible,True
cce_3746,Mars_bakim_x1.5,0.005943121917824662,0.005943121917821382,1.0000000000005518,optimal,False
cce_0688,Mars_bakim_x1.5,3.563278762747788e-15,0.005943121917821382,5.995634637853782e-13,optimal,True
cce_0863,Mars_bakim_x1.5,0.005943121917821089,0.005943121917821382,0.9999999999999507,optimal,False
cce_0770,Mars_bakim_x1.5,0.00594312191781263,0.005943121917821382,0.9999999999985273,optimal,False
cce_2383,Mars_bakim_x1.5,0.00594312191781263,0.005943121917821382,0.9999999999985273,optimal,False
cce_4641,Mars_bakim_x1.5,0.00594312191781263,0.005943121917821382,0.9999999999985273,optimal,False
cce_1354,Mars_bakim_x1.5,0.0,0.005943121917821382,0.0,optimal,True
cce_1843,Mars_bakim_x1.5,0.005943121917821566,0.005943121917821382,1.0000000000000309,optimal,False
cce_3417,Mars_bakim_x1.5,0.005943121917821437,0.005943121917821382,1.000000000000009,optimal,False
cce_5177,Mars_bakim_x1.5,0.005943121917821437,0.005943121917821382,1.000000000000009,optimal,False
cce_0560,Mars_bakim_x1.5,-2.6121845220503987e-15,0.005943121917821382,-4.3953069753076313e-13,optimal,True
cce_0847,Mars_bakim_x1.5,0.005943121917820753,0.005943121917821382,0.9999999999998942,optimal,False
cce_3974,Mars_bakim_x1.5,0.005943121917821331,0.005943121917821382,0.9999999999999913,optimal,False
cce_1125,Mars_bakim_x1.5,0.005943121917821331,0.005943121917821382,0.9999999999999913,optimal,False
cce_2317,Mars_bakim_x1.5,0.0037572708396623445,0.005943121917821382,0.6322049070532407,optimal,False
cce_3166,Mars_bakim_x1.5,1.2971308934136928e-16,0.005943121917821382,2.1825749351095132e-14,optimal,True
cce_3952,Mars_bakim_x1.5,0.005943121917814455,0.005943121917821382,0.9999999999988344,optimal,False
cce_1632,Mars_bakim_x1.5,0.005943121917822196,0.005943121917821382,1.000000000000137,optimal,False
cce_1605,Mars_bakim_x1.5,0.005943121917822196,0.005943121917821382,1.000000000000137,optimal,False
cce_5174,Mars_bakim_x1.5,0.005943121917822196,0.005943121917821382,1.000000000000137,optimal,False
cce_0561,Mars_bakim_x1.5,3.8268821419079224e-15,0.005943121917821382,6.439178254836766e-13,optimal,True
cce_3576,Mars_bakim_x1.5,1.2007328159821367e-30,0.005943121917821382,2.0203738583614637e-28,optimal,True
cce_4842,Mars_bakim_x1.5,0.005943121917820935,0.005943121917821382,0.9999999999999247,optimal,False
cce_2446,Mars_bakim_x1.5,0.005943121917822196,0.005943121917821382,1.000000000000137,optimal,False
cce_0782,Mars_bakim_x1.5,0.005943121917822196,0.005943121917821382,1.000000000000137,optimal,False
cce_4346,Mars_bakim_x1.5,0.005943121917822196,0.005943121917821382,1.000000000000137,optimal,False
cce_4111,Mars_bakim_x1.5,0.005943121917822196,0.005943121917821382,1.000000000000137,optimal,False
cce_1382,Mars_bakim_x1.5,-1.2047762441463087e-17,0.005943121917821382,-2.027177400708537e-15,optimal,True
cce_0210,Mars_bakim_x1.5,0.0059431219178227674,0.005943121917821382,1.0000000000002331,optimal,False
cce_4018,Mars_bakim_x1.5,1.6304801218701136e-17,0.005943121917821382,2.7434741275975904e-15,optimal,True
cce_0877,Mars_bakim_x1.5,0.0,0.005943121917821382,0.0,optimal,True
cce_1671,Mars_bakim_x1.5,0.005943121917821428,0.005943121917821382,1.0000000000000078,optimal,False
cce_0707,Mars_bakim_x1.5,0.005943121917822196,0.005943121917821382,1.000000000000137,optimal,False
cce_4040,Mars_bakim_x1.5,1.6304801218701136e-17,0.005943121917821382,2.7434741275975904e-15,optimal,True
cce_2548,Mars_bakim_x1.5,0.005943121917821913,0.005943121917821382,1.0000000000000893,optimal,False
cce_2372,Mars_bakim_x1.5,0.005943121917822196,0.005943121917821382,1.000000000000137,optimal,False
cce_3990,Mars_bakim_x1.5,-6.837713601051186e-17,0.005943121917821382,-1.1505255479527066e-14,optimal,True
cce_4039,Mars_bakim_x1.5,0.005943121917821026,0.005943121917821382,0.99999999999994,optimal,False
cce_0490,Mars_bakim_x1.5,0.005943121917822196,0.005943121917821382,1.000000000000137,optimal,False
cce_0225,Mars_bakim_x1.5,1.6304801218701136e-17,0.005943121917821382,2.7434741275975904e-15,optimal,True
cce_3094,Mars_bakim_x1.5,0.0,0.005943121917821382,0.0,optimal,True
cce_2087,Mars_bakim_x1.5,0.005943121917821093,0.005943121917821382,0.9999999999999514,optimal,False
cce_1202,Mars_bakim_x1.5,0.005943121917822216,0.005943121917821382,1.0000000000001403,optimal,False
cce_1084,Mars_bakim_x1.5,-2.5461617295799186e-15,0.005943121917821382,-4.2842158797800423e-13,optimal,True
cce_3719,Mars_bakim_x1.5,0.0059431219178179805,0.005943121917821382,0.9999999999994276,optimal,False
cce_4023,Mars_bakim_x1.5,9.038387387168912e-17,0.005943121917821382,1.5208147354450008e-14,optimal,True
cce_0831,Mars_bakim_x1.5,0.005943121917822021,0.005943121917821382,1.0000000000001075,optimal,False
cce_3246,Mars_bakim_x1.5,0.005943121917820449,0.005943121917821382,0.999999999999843,optimal,False
cce_2580,Mars_bakim_x1.5,0.005943121917820449,0.005943121917821382,0.999999999999843,optimal,False
cce_1108,Mars_bakim_x1.5,6.271196041010394e-17,0.005943121917821382,1.0552023208888295e-14,optimal,True
cce_4835,Mars_bakim_x1.5,0.0059431219178212,0.005943121917821382,0.9999999999999694,optimal,False
cce_1307,Mars_bakim_x1.5,4.2648673887776554e-16,0.005943121917821382,7.176139826424867e-14,optimal,True
cce_2361,Mars_bakim_x1.5,0.005943121917816098,0.005943121917821382,0.9999999999991109,optimal,False
cce_1486,Mars_bakim_x1.5,0.005943121917819522,0.005943121917821382,0.9999999999996869,optimal,False
cce_3265,Mars_bakim_x1.5,,0.005943121917821382,0.0,infeasible,True
cce_4455,Mars_bakim_x1.5,0.0059431219178213215,0.005943121917821382,0.9999999999999898,optimal,False
cce_2970,Mars_bakim_x1.5,0.005943121917820653,0.005943121917821382,0.9999999999998772,optimal,False
cce_2076,Mars_bakim_x1.5,0.005943121917820653,0.005943121917821382,0.9999999999998772,optimal,False
cce_0002,Mars_bakim_x1.5,0.005943121917820653,0.005943121917821382,0.9999999999998772,optimal,False
cce_4687,Mars_bakim_x1.5,0.005943121917820653,0.005943121917821382,0.9999999999998772,optimal,False
cce_3633,Mars_bakim_x1.5,-3.2102600394808607e-16,0.005943121917821382,-5.401639212304215e-14,optimal,True
cce_4017,Mars_bakim_x1.5,-8.01886232843045e-17,0.005943121917821382,-1.3492676810793053e-14,optimal,True
cce_4398,Mars_bakim_x1.5,0.0,0.005943121917821382,0.0,optimal,True
cce_1689,Mars_bakim_x1.5,0.005943121917821248,0.005943121917821382,0.9999999999999774,optimal,False
cce_2115,Mars_bakim_x1.5,0.005943121917820653,0.005943121917821382,0.9999999999998772,optimal,False
cce_4329,Mars_bakim_x1.5,0.005899718795416057,0.005943121917821382,0.9926969153577054,optimal,False
cce_1710,Mars_bakim_x1.5,2.0598005542588823e-17,0.005943121917821382,3.465856132081436e-15,optimal,True
cce_2124,Mars_bakim_x1.5,0.0,0.005943121917821382,0.0,optimal,True
cce_4815,Mars_bakim_x1.5,0.005943121917821633,0.005943121917821382,1.0000000000000422,optimal,False
cce_4584,Mars_bakim_x1.5,0.005943121917820653,0.005943121917821382,0.9999999999998772,optimal,False
cce_0302,Mars_bakim_x1.5,0.005943121917820653,0.005943121917821382,0.9999999999998772,optimal,False
cce_2998,Mars_bakim_x1.5,0.005943121917820653,0.005943121917821382,0.9999999999998772,optimal,False
cce_2130,Mars_bakim_x1.5,3.72350712909369e-17,0.005943121917821382,6.265237665625149e-15,optimal,True
cce_1241,Mars_bakim_x1.5,0.005943121917821158,0.005943121917821382,0.9999999999999623,optimal,False
cce_4031,Mars_bakim_x1.5,-1.730027965074502e-17,0.005943121917821382,-2.9109750548558364e-15,optimal,True
cce_0636,Mars_bakim_x1.5,0.005943121917821659,0.005943121917821382,1.0000000000000466,optimal,False
cce_1401,Mars_bakim_x1.5,2.5084047156761096e-17,0.005943121917821382,4.220685273432243e-15,optimal,True
cce_3964,Mars_bakim_x1.5,0.005943121917821441,0.005943121917821382,1.00000000000001,optimal,False
cce_3686,Mars_bakim_x1.5,2.684546508136257e-17,0.005943121917821382,4.5170645079419014e-15,optimal,True
cce_3708,Mars_bakim_x1.5,0.005942971987360367,0.005943121917821382,0.9999747724406316,optimal,False
cce_1764,Mars_bakim_x1.5,0.0037572708396647575,0.005943121917821382,0.6322049070536467,optimal,False
cce_0841,Mars_bakim_x1.5,0.005943121917821137,0.005943121917821382,0.9999999999999587,optimal,False
cce_3702,Mars_bakim_x1.5,0.005943121917821891,0.005943121917821382,1.0000000000000857,optimal,False
cce_3290,Mars_bakim_x1.5,5.486929002823981e-17,0.005943121917821382,9.232401890276834e-15,optimal,True
cce_4328,Mars_bakim_x1.5,0.005943121917821806,0.005943121917821382,1.0000000000000713,optimal,False
cce_2066,Mars_bakim_x1.5,0.005943121917821891,0.005943121917821382,1.0000000000000857,optimal,False
cce_3425,Mars_bakim_x1.5,0.005943121917821891,0.005943121917821382,1.0000000000000857,optimal,False
cce_1107,Mars_bakim_x1.5,0.005943121917821891,0.005943121917821382,1.0000000000000857,optimal,False
cce_0389,Mars_bakim_x1.5,0.005943121917821891,0.005943121917821382,1.0000000000000857,optimal,False
cce_0392,Mars_bakim_x1.5,7.58400796703482e-17,0.005943121917821382,1.27609833213971e-14,optimal,True
cce_4511,Mars_bakim_x1.5,0.005943121917822794,0.005943121917821382,1.0000000000002376,optimal,False
cce_3637,Mars_bakim_x1.5,0.005943121917821891,0.005943121917821382,1.0000000000000857,optimal,False
cce_0745,Mars_bakim_x1.5,0.005943121917821891,0.005943121917821382,1.0000000000000857,optimal,False
cce_3366,Mars_bakim_x1.5,1.3730449536721762e-16,0.005943121917821382,2.3103092493439952e-14,optimal,True
cce_4650,Mars_bakim_x1.5,0.005943121917821282,0.005943121917821382,0.9999999999999831,optimal,False
cce_1222,Mars_bakim_x1.5,0.005943121917821891,0.005943121917821382,1.0000000000000857,optimal,False
cce_0232,Mars_bakim_x1.5,3.3098899382377445e-17,0.005943121917821382,5.569278207658034e-15,optimal,True
cce_3493,Mars_bakim_x1.5,0.0,0.005943121917821382,0.0,optimal,True
cce_0804,Mars_bakim_x1.5,-3.597988741535009e-17,0.005943121917821382,-6.054038250075059e-15,optimal,True
cce_3253,Mars_bakim_x1.5,0.005943121917822794,0.005943121917821382,1.0000000000002376,optimal,False
cce_3394,Mars_bakim_x1.5,7.58400796703482e-17,0.005943121917821382,1.27609833213971e-14,optimal,True
cce_5179,Mars_bakim_x1.5,0.005943121917822794,0.005943121917821382,1.0000000000002376,optimal,False
cce_0401,Mars_bakim_x1.5,0.005943121917821891,0.005943121917821382,1.0000000000000857,optimal,False
cce_2325,Mars_bakim_x1.5,0.005943121917821891,0.005943121917821382,1.0000000000000857,optimal,False
cce_0654,Mars_bakim_x1.5,0.005943121917821891,0.005943121917821382,1.0000000000000857,optimal,False
cce_2439,Mars_bakim_x1.5,0.005943121917821891,0.005943121917821382,1.0000000000000857,optimal,False
cce_1455,Mars_bakim_x1.5,0.005943121917821891,0.005943121917821382,1.0000000000000857,optimal,False
cce_4354,Mars_bakim_x1.5,4.996737234940939e-15,0.005943121917821382,8.407596721106191e-13,optimal,True
cce_3497,Mars_bakim_x1.5,0.005943121917819891,0.005943121917821382,0.9999999999997491,optimal,False
cce_4140,Mars_bakim_x1.5,1.5880453227029895e-17,0.005943121917821382,2.6720725986471635e-15,optimal,True
cce_0559,Mars_bakim_x1.5,-8.552573882112696e-17,0.005943121917821382,-1.4390709126236268e-14,optimal,True
cce_3490,Mars_bakim_x1.5,0.0,0.005943121917821382,0.0,optimal,True
cce_4130,Mars_bakim_x1.5,-2.0469032864210034e-29,0.005943121917821382,-3.444154965562869e-27,optimal,True
cce_2312,Mars_bakim_x1.5,-1.266755726431965e-14,0.005943121917821382,-2.1314651524031495e-12,optimal,True
cce_4376,Mars_bakim_x1.5,0.005943121917821833,0.005943121917821382,1.000000000000076,optimal,False
cce_4267,Mars_bakim_x1.5,-6.541610654813389e-18,0.005943121917821382,-1.1007027527396577e-15,optimal,True
cce_3266,Mars_bakim_x1.5,0.0,0.005943121917821382,0.0,optimal,True
cce_1635,Mars_bakim_x1.5,0.00594312191782138,0.005943121917821382,0.9999999999999996,optimal,False
cce_2615,Mars_bakim_x1.5,1.5307530015908108e-17,0.005943121917821382,2.5756715456242083e-15,optimal,True
cce_1340,Mars_bakim_x1.5,1.5664260751967781e-30,0.005943121917821382,2.635695677888761e-28,optimal,True
cce_3826,Mars_bakim_x1.5,0.005943121917821337,0.005943121917821382,0.9999999999999925,optimal,False
cce_0805,Mars_bakim_x1.5,0.005943121917821891,0.005943121917821382,1.0000000000000857,optimal,False
cce_1584,Mars_bakim_x1.5,2.94984211346005e-18,0.005943121917821382,4.963455494013149e-16,optimal,True
cce_4679,Mars_bakim_x1.5,2.0344971433016394e-30,0.005943121917821382,3.423280174012384e-28,optimal,True
cce_1211,Mars_bakim_x1.5,5.493543000988931e-16,0.005943121917821382,9.243530718284076e-14,optimal,True
cce_0666,Mars_bakim_x1.5,0.005943121917822299,0.005943121917821382,1.0000000000001543,optimal,False
cce_2132,Mars_bakim_x1.5,0.005943121917822128,0.005943121917821382,1.0000000000001255,optimal,False
cce_2783,Mars_bakim_x1.5,2.35660010789787e-17,0.005943121917821382,3.965256207905201e-15,optimal,True
cce_0606,Mars_bakim_x1.5,0.0,0.005943121917821382,0.0,optimal,True
cce_4595,Mars_bakim_x1.5,0.005943121917821365,0.005943121917821382,0.9999999999999971,optimal,False
cce_0571,Mars_bakim_x1.5,0.005943121917822128,0.005943121917821382,1.0000000000001255,optimal,False
cce_1273,Mars_bakim_x1.5,1.5832862578576778e-14,0.005943121917821382,2.66406491361038e-12,optimal,True
cce_0843,Mars_bakim_x1.5,0.005943121917821921,0.005943121917821382,1.0000000000000906,optimal,False
cce_4037,Mars_bakim_x1.5,1.7224211206196125e-17,0.005943121917821382,2.898175646463962e-15,optimal,True
cce_2059,Mars_bakim_x1.5,-2.6292742483967558e-30,0.005943121917821382,-4.424062445214972e-28,optimal,True
cce_4861,Mars_bakim_x1.5,0.005943121917821506,0.005943121917821382,1.0000000000000209,optimal,False
cce_4305,Mars_bakim_x1.5,1.2642635000816145e-17,0.005943121917821382,2.1272716891277668e-15,optimal,True
cce_3617,Mars_bakim_x1.5,0.0,0.005943121917821382,0.0,optimal,True
cce_4417,Mars_bakim_x1.5,0.0059431219178212235,0.005943121917821382,0.9999999999999732,optimal,False
cce_4388,Mars_bakim_x1.5,2.35660010789787e-17,0.005943121917821382,3.965256207905201e-15,optimal,True
cce_1376,Mars_bakim_x1.5,0.0059431219178215575,0.005943121917821382,1.0000000000000295,optimal,False
cce_0400,Mars_bakim_x1.5,0.005943121917822128,0.005943121917821382,1.0000000000001255,optimal,False
cce_1321,Mars_bakim_x1.5,4.083115702992383e-17,0.005943121917821382,6.870321288123875e-15,optimal,True
cce_4109,Mars_bakim_x1.5,0.005943121917821362,0.005943121917821382,0.9999999999999967,optimal,False
cce_3488,Mars_bakim_x1.5,0.005943121917822128,0.005943121917821382,1.0000000000001255,optimal,False
cce_2632,Mars_bakim_x1.5,0.005943121917822128,0.005943121917821382,1.0000000000001255,optimal,False
cce_4717,Mars_bakim_x1.5,0.0037572708396642037,0.005943121917821382,0.6322049070535535,optimal,False
cce_1865,Mars_bakim_x1.5,0.005943121917821695,0.005943121917821382,1.0000000000000526,optimal,False
cce_2467,Mars_bakim_x1.5,0.005943121917822128,0.005943121917821382,1.0000000000001255,optimal,False
cce_3026,Mars_bakim_x1.5,0.005943121917822128,0.005943121917821382,1.0000000000001255,optimal,False
cce_2775,Mars_bakim_x1.5,0.005943121917822128,0.005943121917821382,1.0000000000001255,optimal,False
cce_4877,Mars_bakim_x1.5,0.005943121917822128,0.005943121917821382,1.0000000000001255,optimal,False
cce_1604,Mars_bakim_x1.5,0.005943121917822128,0.005943121917821382,1.0000000000001255,optimal,False
cce_3828,Mars_bakim_x1.5,0.005943121917822128,0.005943121917821382,1.0000000000001255,optimal,False
cce_4723,Mars_bakim_x1.5,0.005943121917822128,0.005943121917821382,1.0000000000001255,optimal,False
cce_1383,Mars_bakim_x1.5,,0.005943121917821382,0.0,infeasible,True
cce_3473,Mars_bakim_x1.5,0.005943121917822912,0.005943121917821382,1.0000000000002573,optimal,False
cce_0624,Mars_bakim_x1.5,0.0059431219178149464,0.005943121917821382,0.9999999999989171,optimal,False
cce_2600,Mars_bakim_x1.5,-1.4613676940385158e-14,0.005943121917821382,-2.4589226239097934e-12,optimal,True
cce_3201,Mars_bakim_x1.5,3.201662807555775e-14,0.005943121917821382,5.3871733607804465e-12,optimal,True
cce_1190,Mars_bakim_x1.5,0.005943121917821385,0.005943121917821382,1.0000000000000004,optimal,False
cce_4743,Mars_bakim_x1.5,0.005943121917822128,0.005943121917821382,1.0000000000001255,optimal,False
cce_0747,Mars_bakim_x1.5,0.005943121917822128,0.005943121917821382,1.0000000000001255,optimal,False
cce_0902,Mars_bakim_x1.5,6.303253642430572e-18,0.005943121917821382,1.0605963884956286e-15,optimal,True
cce_2737,Mars_bakim_x1.5,0.005943121917822004,0.005943121917821382,1.0000000000001046,optimal,False
cce_1977,Mars_bakim_x1.5,0.004906108118987195,0.005943121917821382,0.8255102598981625,optimal,False
cce_3933,Mars_bakim_x1.5,7.316771494056577e-18,0.005943121917821382,1.2311326597753433e-15,optimal,True
cce_4582,Mars_bakim_x1.5,-7.871000245175968e-31,0.005943121917821382,-1.324388150539793e-28,optimal,True
cce_1763,Mars_bakim_x1.5,0.0037572708396493098,0.005943121917821382,0.6322049070510475,optimal,False
cce_4087,Mars_bakim_x1.5,-6.278119119150631e-18,0.005943121917821382,-1.0563672100221782e-15,optimal,True
cce_3477,Mars_bakim_x1.5,0.005943121917820964,0.005943121917821382,0.9999999999999296,optimal,False
cce_1645,Mars_bakim_x1.5,0.005943121917822328,0.005943121917821382,1.000000000000159,optimal,False
cce_2485,Mars_bakim_x1.5,0.005943121917822328,0.005943121917821382,1.000000000000159,optimal,False
cce_2927,Mars_bakim_x1.5,5.453236614000302e-15,0.005943121917821382,9.17571049257448e-13,optimal,True
cce_4599,Mars_bakim_x1.5,0.005943121917820567,0.005943121917821382,0.9999999999998628,optimal,False
cce_5176,Mars_bakim_x1.5,0.005943121917822328,0.005943121917821382,1.000000000000159,optimal,False
cce_4608,Mars_bakim_x1.5,0.005943121917822328,0.005943121917821382,1.000000000000159,optimal,False
cce_1970,Mars_bakim_x1.5,0.005943121917822328,0.005943121917821382,1.000000000000159,optimal,False
cce_2570,Mars_bakim_x1.5,0.005943121917822328,0.005943121917821382,1.000000000000159,optimal,False
cce_3533,Mars_bakim_x1.5,-3.709053162652282e-17,0.005943121917821382,-6.240917171041208e-15,optimal,True
cce_2106,Mars_bakim_x1.5,0.005943121917820917,0.005943121917821382,0.9999999999999217,optimal,False
cce_2466,Mars_bakim_x1.5,0.005943121917822328,0.005943121917821382,1.000000000000159,optimal,False
cce_4821,Mars_bakim_x1.5,0.005943121917822328,0.005943121917821382,1.000000000000159,optimal,False
cce_4658,Mars_bakim_x1.5,3.030962620433502e-18,0.005943121917821382,5.099950265776453e-16,optimal,True
cce_0887,Mars_bakim_x1.5,0.005943121917821396,0.005943121917821382,1.0000000000000024,optimal,False
cce_0223,Mars_bakim_x1.5,1.2850709382652469e-17,0.005943121917821382,2.1622826454422216e-15,optimal,True
cce_0342,Mars_bakim_x1.5,0.0059431219178211715,0.005943121917821382,0.9999999999999646,optimal,False
cce_0450,Mars_bakim_x1.5,0.005943121917822328,0.005943121917821382,1.000000000000159,optimal,False
cce_4862,Mars_bakim_x1.5,0.005943121917822328,0.005943121917821382,1.000000000000159,optimal,False
cce_1531,Mars_bakim_x1.5,0.005943121917822328,0.005943121917821382,1.000000000000159,optimal,False
cce_1351,Mars_bakim_x1.5,3.928220564167851e-18,0.005943121917821382,6.609692041464715e-16,optimal,True
cce_0309,Mars_bakim_x1.5,0.0,0.005943121917821382,0.0,optimal,True
cce_3947,Mars_bakim_x1.5,0.005943121917821251,0.005943121917821382,0.999999999999978,optimal,False
cce_4200,Mars_bakim_x1.5,-2.03870211407166e-17,0.005943121917821382,-3.430355530749407e-15,optimal,True
cce_1181,Mars_bakim_x1.5,0.005943121917821774,0.005943121917821382,1.000000000000066,optimal,False
cce_0206,Mars_bakim_x1.5,0.005943121917822328,0.005943121917821382,1.000000000000159,optimal,False
cce_4090,Mars_bakim_x1.5,1.2850709382652469e-17,0.005943121917821382,2.1622826454422216e-15,optimal,True
cce_4325,Mars_bakim_x1.5,-7.590163906170358e-16,0.005943121917821382,-1.2771341411338142e-13,optimal,True
cce_2257,Mars_bakim_x1.5,0.005943121917823426,0.005943121917821382,1.000000000000344,optimal,False
cce_0735,Mars_bakim_x1.5,0.005913032286375781,0.005943121917821382,0.9949370664338262,optimal,False
cce_3414,Mars_bakim_x1.5,0.005943121917823643,0.005943121917821382,1.0000000000003804,optimal,False
cce_0623,Mars_bakim_x1.5,0.005943121917822328,0.005943121917821382,1.000000000000159,optimal,False
cce_0886,Mars_bakim_x1.5,0.005943121917822328,0.005943121917821382,1.000000000000159,optimal,False
cce_4356,Mars_bakim_x1.5,0.005943121917822328,0.005943121917821382,1.000000000000159,optimal,False
cce_4752,Mars_bakim_x1.5,0.005943121917822328,0.005943121917821382,1.000000000000159,optimal,False
cce_4735,Mars_bakim_x1.5,0.005943121917822328,0.005943121917821382,1.000000000000159,optimal,False
cce_4634,Mars_bakim_x1.5,0.005943121917822328,0.005943121917821382,1.000000000000159,optimal,False
cce_0133,Mars_bakim_x1.5,0.005943121917822328,0.005943121917821382,1.000000000000159,optimal,False
cce_4750,Mars_bakim_x1.5,0.005943121917822328,0.005943121917821382,1.000000000000159,optimal,False
cce_0659,Mars_bakim_x1.5,2.1540871126512514e-15,0.005943121917821382,3.624504330277802e-13,optimal,True
cce_0660,Mars_bakim_x1.5,0.005943121917832079,0.005943121917821382,1.0000000000018,optimal,False
cce_3096,Mars_bakim_x1.5,0.0059165145851342695,0.005943121917821382,0.9955230040616655,optimal,False
cce_4627,Mars_bakim_x1.5,0.005943121917817531,0.005943121917821382,0.999999999999352,optimal,False
cce_4382,Mars_bakim_x1.5,0.005943121917821874,0.005943121917821382,1.0000000000000828,optimal,False
cce_2121,Mars_bakim_x1.5,2.2301497793918833e-17,0.005943121917821382,3.7524886923561664e-15,optimal,True
cce_4008,Mars_bakim_x1.5,0.005943121917821281,0.005943121917821382,0.9999999999999829,optimal,False
cce_3176,Mars_bakim_x1.5,0.0059431219178245655,0.005943121917821382,1.0000000000005356,optimal,False
cce_0426,Mars_bakim_x1.5,6.166079724832709e-14,0.005943121917821382,1.0375152672440982e-11,optimal,True
cce_1829,Mars_bakim_x1.5,0.005943121917822489,0.005943121917821382,1.0000000000001863,optimal,False
cce_0578,Mars_bakim_x1.5,0.0059431219178245655,0.005943121917821382,1.0000000000005356,optimal,False
cce_3232,Mars_bakim_x1.5,0.0059431219178245655,0.005943121917821382,1.0000000000005356,optimal,False
cce_1174,Mars_bakim_x1.5,-7.213115493809348e-17,0.005943121917821382,-1.2136913214214386e-14,optimal,True
cce_4440,Mars_bakim_x1.5,0.005943121917821468,0.005943121917821382,1.0000000000000144,optimal,False
cce_4545,Mars_bakim_x1.5,1.019547270197681e-17,0.005943121917821382,1.7155079170434126e-15,optimal,True
cce_1484,Mars_bakim_x1.5,0.005943121917821191,0.005943121917821382,0.9999999999999677,optimal,False
cce_0882,Mars_bakim_x1.5,0.0059431219178245655,0.005943121917821382,1.0000000000005356,optimal,False
cce_4693,Mars_bakim_x1.5,4.0867385481742374e-17,0.005943121917821382,6.876417150251473e-15,optimal,True
cce_0884,Mars_bakim_x1.5,0.005943121917822345,0.005943121917821382,1.000000000000162,optimal,False
cce_1837,Mars_bakim_x1.5,6.092497978093153e-15,0.005943121917821382,1.0251342749378645e-12,optimal,True
cce_0199,Mars_bakim_x1.5,-1.2853543512605282e-16,0.005943121917821382,-2.1627595210628136e-14,optimal,True
cce_1618,Mars_bakim_x1.5,0.005943121917822104,0.005943121917821382,1.0000000000001215,optimal,False
cce_1830,Mars_bakim_x1.5,0.0059431219178220935,0.005943121917821382,1.0000000000001197,optimal,False
cce_5190,Mars_bakim_x1.5,0.0059431219178220935,0.005943121917821382,1.0000000000001197,optimal,False
cce_1603,Mars_bakim_x1.5,0.0059431219178220935,0.005943121917821382,1.0000000000001197,optimal,False
cce_3196,Mars_bakim_x1.5,0.0059431219178220935,0.005943121917821382,1.0000000000001197,optimal,False
cce_4032,Mars_bakim_x1.5,2.198987187615062e-17,0.005943121917821382,3.700053975034661e-15,optimal,True
cce_4852,Mars_bakim_x1.5,0.0059431219178217795,0.005943121917821382,1.0000000000000668,optimal,False
cce_3510,Mars_bakim_x1.5,0.0059431219178220935,0.005943121917821382,1.0000000000001197,optimal,False
cce_3237,Mars_bakim_x1.5,2.6114942008134146e-17,0.005943121917821382,4.3941454288232584e-15,optimal,True
cce_3553,Mars_bakim_x1.5,0.005943121917821262,0.005943121917821382,0.9999999999999797,optimal,False
cce_0030,Mars_bakim_x1.5,0.0059431219178220935,0.005943121917821382,1.0000000000001197,optimal,False
cce_3879,Mars_bakim_x1.5,0.0059431219178220935,0.005943121917821382,1.0000000000001197,optimal,False
cce_1900,Mars_bakim_x1.5,3.6490855875198634e-17,0.005943121917821382,6.140014689211588e-15,optimal,True
cce_3021,Mars_bakim_x1.5,-1.4471713053170606e-30,0.005943121917821382,-2.4350355340641605e-28,optimal,True
cce_1619,Mars_bakim_x1.5,0.0059431219178214464,0.005943121917821382,1.0000000000000109,optimal,False
cce_0440,Mars_bakim_x1.5,0.0059431219178220935,0.005943121917821382,1.0000000000001197,optimal,False
cce_3324,Mars_bakim_x1.5,0.0059431219178220935,0.005943121917821382,1.0000000000001197,optimal,False
cce_2967,Mars_bakim_x1.5,0.0059431219178220935,0.005943121917821382,1.0000000000001197,optimal,False
cce_2282,Mars_bakim_x1.5,2.3008549481106104e-18,0.005943121917821382,3.8714584353572427e-16,optimal,True
cce_3662,Mars_bakim_x1.5,0.005943121917821484,0.005943121917821382,1.000000000000017,optimal,False
cce_1828,Mars_bakim_x1.5,0.0059431219178220935,0.005943121917821382,1.0000000000001197,optimal,False
cce_3591,Mars_bakim_x1.5,0.0059431219178220935,0.005943121917821382,1.0000000000001197,optimal,False
cce_4053,Mars_bakim_x1.5,0.0059431219178220935,0.005943121917821382,1.0000000000001197,optimal,False
cce_2871,Mars_bakim_x1.5,0.0059429719873615,0.005943121917821382,0.9999747724408222,optimal,False
cce_3091,Mars_bakim_x1.5,0.005943121917823249,0.005943121917821382,1.000000000000314,optimal,False
cce_3396,Mars_bakim_x1.5,0.005943121917822328,0.005943121917821382,1.000000000000159,optimal,False
cce_2961,Mars_bakim_x1.5,0.005943121917822328,0.005943121917821382,1.000000000000159,optimal,False
cce_0549,Mars_bakim_x1.5,0.005943121917822328,0.005943121917821382,1.000000000000159,optimal,False
cce_1569,Mars_bakim_x1.5,3.098703945441562e-17,0.005943121917821382,5.21393299395325e-15,optimal,True
cce_2713,Mars_bakim_x1.5,0.005943121917820744,0.005943121917821382,0.9999999999998925,optimal,False
cce_2962,Mars_bakim_x1.5,0.005943121917822328,0.005943121917821382,1.000000000000159,optimal,False
cce_0509,Mars_bakim_x1.5,0.005943121917822328,0.005943121917821382,1.000000000000159,optimal,False
cce_1223,Mars_bakim_x1.5,0.005943121917822328,0.005943121917821382,1.000000000000159,optimal,False
cce_2391,Mars_bakim_x1.5,0.005943121917822328,0.005943121917821382,1.000000000000159,optimal,False
cce_2315,Mars_bakim_x1.5,0.005943121917822341,0.005943121917821382,1.0000000000001612,optimal,False
cce_3292,Mars_bakim_x1.5,4.071062302507103e-17,0.005943121917821382,6.850040027446492e-15,optimal,True
cce_1317,Mars_bakim_x1.5,0.0,0.005943121917821382,0.0,optimal,True
cce_5189,Mars_bakim_x1.5,0.005943121917821153,0.005943121917821382,0.9999999999999615,optimal,False
cce_4647,Mars_bakim_x1.5,0.005943121917821099,0.005943121917821382,0.9999999999999523,optimal,False
cce_3280,Mars_bakim_x1.5,-1.1359488452676854e-17,0.005943121917821382,-1.911367225803268e-15,optimal,True
cce_2759,Mars_bakim_x1.5,0.0059431219178215314,0.005943121917821382,1.000000000000025,optimal,False
cce_3827,Mars_bakim_x1.5,0.005943121917821099,0.005943121917821382,0.9999999999999523,optimal,False
cce_2955,Mars_bakim_x1.5,-1.8291550000947478e-15,0.005943121917821382,-3.0777679229661094e-13,optimal,True
cce_0619,Mars_bakim_x1.5,0.005943121917833853,0.005943121917821382,1.0000000000020983,optimal,False
cce_3969,Mars_bakim_x1.5,0.005943121917821099,0.005943121917821382,0.9999999999999523,optimal,False
cce_0557,Mars_bakim_x1.5,0.005943121917821099,0.005943121917821382,0.9999999999999523,optimal,False
cce_1690,Mars_bakim_x1.5,0.005943121917821099,0.005943121917821382,0.9999999999999523,optimal,False
cce_0404,Mars_bakim_x1.5,0.005943121917821099,0.005943121917821382,0.9999999999999523,optimal,False
cce_1744,Mars_bakim_x1.5,0.005943121917821099,0.005943121917821382,0.9999999999999523,optimal,False
cce_3593,Mars_bakim_x1.5,0.005943121917821099,0.005943121917821382,0.9999999999999523,optimal,False
cce_0957,Mars_bakim_x1.5,5.4115270645911205e-18,0.005943121917821382,9.105529281443493e-16,optimal,True
cce_3122,Mars_bakim_x1.5,0.00594312191782394,0.005943121917821382,1.0000000000004303,optimal,False
cce_0835,Mars_bakim_x1.5,5.41954546686176e-18,0.005943121917821382,9.11902118415307e-16,optimal,True
cce_1473,Mars_bakim_x1.5,0.005943121917822659,0.005943121917821382,1.000000000000215,optimal,False
fig_43989_3_peg_2191,Mars_bakim_x1.5,0.005943121917821099,0.005943121917821382,0.9999999999999523,optimal,False
cce_3275,Mars_bakim_x1.5,1.3612894937669647e-17,0.005943121917821382,2.2905293086532936e-15,optimal,True
cce_1895,Mars_bakim_x1.5,0.00594312191782157,0.005943121917821382,1.0000000000000315,optimal,False
cce_2224,Mars_bakim_x1.5,0.0037572708396641837,0.005943121917821382,0.6322049070535501,optimal,False
cce_1774,Mars_bakim_x1.5,0.005943121917821786,0.005943121917821382,1.000000000000068,optimal,False
cce_4052,Mars_bakim_x1.5,0.005943121917821099,0.005943121917821382,0.9999999999999523,optimal,False
cce_3186,Mars_bakim_x1.5,5.41954546686176e-18,0.005943121917821382,9.11902118415307e-16,optimal,True
cce_4221,Mars_bakim_x1.5,3.7283108212844507e-14,0.005943121917821382,6.273320441407279e-12,optimal,True
cce_4003,Mars_bakim_x1.5,-3.9063178686157423e-19,0.005943121917821382,-6.572838186108948e-17,optimal,True
cce_4021,Mars_bakim_x1.5,0.0,0.005943121917821382,0.0,optimal,True
cce_3483,Mars_bakim_x1.5,0.0059431219178216615,0.005943121917821382,1.000000000000047,optimal,False
cce_3372,Mars_bakim_x1.5,-3.663532048563514e-18,0.005943121917821382,-6.164322555083111e-16,optimal,True
cce_5234,Mars_bakim_x1.5,0.005943121917820994,0.005943121917821382,0.9999999999999346,optimal,False
cce_4027,Mars_bakim_x1.5,-3.590711540771128e-18,0.005943121917821382,-6.041793505874105e-16,optimal,True
cce_4378,Mars_bakim_x1.5,0.0,0.005943121917821382,0.0,optimal,True
cce_4866,Mars_bakim_x1.5,0.005943121917821632,0.005943121917821382,1.000000000000042,optimal,False
cce_3751,Mars_bakim_x1.5,-2.379139771715045e-17,0.005943121917821382,-4.003181837109586e-15,optimal,True
cce_3951,Mars_bakim_x1.5,0.0058757308415789255,0.005943121917821382,0.9886606606469953,optimal,False
cce_1331,Mars_bakim_x1.5,0.0059431219178217665,0.005943121917821382,1.0000000000000646,optimal,False
cce_4024,Mars_bakim_x1.5,-3.590711540771128e-18,0.005943121917821382,-6.041793505874105e-16,optimal,True
cce_2295,Mars_bakim_x1.5,0.005943121917820867,0.005943121917821382,0.9999999999999133,optimal,False
cce_0669,Mars_bakim_x1.5,0.005943121917821099,0.005943121917821382,0.9999999999999523,optimal,False
cce_4518,Mars_bakim_x1.5,-1.8291550000947478e-15,0.005943121917821382,-3.0777679229661094e-13,optimal,True
cce_4151,Mars_bakim_x1.5,0.005943121917833853,0.005943121917821382,1.0000000000020983,optimal,False
cce_3838,Mars_bakim_x1.5,0.005943121917821099,0.005943121917821382,0.9999999999999523,optimal,False
cce_2896,Mars_bakim_x1.5,0.005943121917821099,0.005943121917821382,0.9999999999999523,optimal,False
cce_1063,Mars_bakim_x1.5,0.005943121917821116,0.005943121917821382,0.9999999999999551,optimal,False
cce_1781,Mars_bakim_x1.5,1.125098448453584e-16,0.005943121917821382,1.8931101599645803e-14,optimal,True
cce_0476,Mars_bakim_x1.5,0.0,0.005943121917821382,0.0,optimal,True
cce_4237,Mars_bakim_x1.5,0.0,0.005943121917821382,0.0,optimal,True
cce_3420,Mars_bakim_x1.5,0.00594312191782135,0.005943121917821382,0.9999999999999946,optimal,False
cce_2884,Mars_bakim_x1.5,0.005943121917822128,0.005943121917821382,1.0000000000001255,optimal,False
cce_2108,Mars_bakim_x1.5,0.005943121917822128,0.005943121917821382,1.0000000000001255,optimal,False
cce_1078,Mars_bakim_x1.5,-1.0961902308514552e-17,0.005943121917821382,-1.844468691723044e-15,optimal,True
cce_0396,Mars_bakim_x1.5,-6.869467410972293e-16,0.005943121917821382,-1.15586849907506e-13,optimal,True
cce_4404,Mars_bakim_x1.5,0.005943121917821844,0.005943121917821382,1.0000000000000777,optimal,False
cce_2380,Mars_bakim_x1.5,1.584378353614054e-14,0.005943121917821382,2.665902492868348e-12,optimal,True
cce_1688,Mars_bakim_x1.5,0.005943121917821947,0.005943121917821382,1.000000000000095,optimal,False
cce_1760,Mars_bakim_x1.5,0.005943121917822128,0.005943121917821382,1.0000000000001255,optimal,False
cce_1730,Mars_bakim_x1.5,0.005943121917822128,0.005943121917821382,1.0000000000001255,optimal,False
cce_0279,Mars_bakim_x1.5,0.005943121917822128,0.005943121917821382,1.0000000000001255,optimal,False
cce_1004,Mars_bakim_x1.5,0.005943121917822128,0.005943121917821382,1.0000000000001255,optimal,False
cce_0248,Mars_bakim_x1.5,0.005943121917822128,0.005943121917821382,1.0000000000001255,optimal,False
cce_2609,Mars_bakim_x1.5,0.005913032286375515,0.005943121917821382,0.9949370664337813,optimal,False
cce_4219,Mars_bakim_x1.5,-3.6175040838944614e-17,0.005943121917821382,-6.0868751035492115e-15,optimal,True
cce_0219,Mars_bakim_x1.5,0.0,0.005943121917821382,0.0,optimal,True
cce_4406,Mars_bakim_x1.5,0.005943121917821896,0.005943121917821382,1.0000000000000864,optimal,False
cce_2946,Mars_bakim_x1.5,0.005943121917822128,0.005943121917821382,1.0000000000001255,optimal,False
cce_1700,Mars_bakim_x1.5,0.005943121917822128,0.005943121917821382,1.0000000000001255,optimal,False
cce_3411,Mars_bakim_x1.5,0.005943121917822128,0.005943121917821382,1.0000000000001255,optimal,False
cce_3260,Mars_bakim_x1.5,6.302049385232072e-18,0.005943121917821382,1.0603937580910783e-15,optimal,True
cce_4152,Mars_bakim_x1.5,0.0,0.005943121917821382,0.0,optimal,True
cce_2226,Mars_bakim_x1.5,0.00594312191782139,0.005943121917821382,1.0000000000000013,optimal,False
cce_0753,Mars_bakim_x1.5,0.005943121917822128,0.005943121917821382,1.0000000000001255,optimal,False
cce_1357,Mars_bakim_x1.5,0.005943121917822128,0.005943121917821382,1.0000000000001255,optimal,False
cce_0995,Mars_bakim_x1.5,1.439644379471859e-15,0.005943121917821382,2.422370598110834e-13,optimal,True
cce_2454,Mars_bakim_x1.5,0.00594312191782264,0.005943121917821382,1.0000000000002116,optimal,False
cce_1583,Mars_bakim_x1.5,0.005943121917822128,0.005943121917821382,1.0000000000001255,optimal,False
cce_4460,Mars_bakim_x1.5,6.300845128033572e-18,0.005943121917821382,1.060191127686528e-15,optimal,True
cce_2082,Mars_bakim_x1.5,0.0,0.005943121917821382,0.0,optimal,True
cce_3164,Mars_bakim_x1.5,4.861309081660025e-16,0.005943121917821382,8.179722961904296e-14,optimal,True
cce_4160,Mars_bakim_x1.5,0.005943121917822245,0.005943121917821382,1.0000000000001452,optimal,False
cce_0064,Mars_bakim_x1.5,-7.837842515074141e-18,0.005943121917821382,-1.3188089733732608e-15,optimal,True
cce_4025,Mars_bakim_x1.5,0.0,0.005943121917821382,0.0,optimal,True
cce_2468,Mars_bakim_x1.5,0.005943121917821655,0.005943121917821382,1.0000000000000457,optimal,False
cce_4620,Mars_bakim_x1.5,0.005943121917821252,0.005943121917821382,0.9999999999999781,optimal,False
cce_4831,Mars_bakim_x1.5,0.005943121917821252,0.005943121917821382,0.9999999999999781,optimal,False
cce_2975,Mars_bakim_x1.5,3.9930891949730534e-17,0.005943121917821382,6.718841124559719e-15,optimal,True
cce_4228,Mars_bakim_x1.5,0.005943121917821427,0.005943121917821382,1.0000000000000075,optimal,False
cce_1693,Mars_bakim_x1.5,0.005943121917821252,0.005943121917821382,0.9999999999999781,optimal,False
cce_0846,Mars_bakim_x1.5,0.005943121917821252,0.005943121917821382,0.9999999999999781,optimal,False
cce_3178,Mars_bakim_x1.5,2.0368464111673356e-17,0.005943121917821382,3.4272330928624103e-15,optimal,True
cce_4412,Mars_bakim_x1.5,0.0059431219178207925,0.005943121917821382,0.9999999999999007,optimal,False
cce_3415,Mars_bakim_x1.5,0.005943121917821252,0.005943121917821382,0.9999999999999781,optimal,False
cce_0883,Mars_bakim_x1.5,0.005943121917821252,0.005943121917821382,0.9999999999999781,optimal,False
cce_0103,Mars_bakim_x1.5,-1.7152181755580117e-17,0.005943121917821382,-2.8860558461953493e-15,optimal,True
cce_0998,Mars_bakim_x1.5,-1.2458732615733552e-17,0.005943121917821382,-2.0963279549043225e-15,optimal,True
cce_2075,Mars_bakim_x1.5,0.005943121917821638,0.005943121917821382,1.000000000000043,optimal,False
cce_3285,Mars_bakim_x1.5,0.005943121917821252,0.005943121917821382,0.9999999999999781,optimal,False
cce_1758,Mars_bakim_x1.5,2.6130401026275936e-17,0.005943121917821382,4.396746590023643e-15,optimal,True
cce_3103,Mars_bakim_x1.5,0.0,0.005943121917821382,0.0,optimal,True
cce_0144,Mars_bakim_x1.5,0.005943121917821655,0.005943121917821382,1.0000000000000457,optimal,False
cce_1507,Mars_bakim_x1.5,,0.005943121917821382,0.0,infeasible,True
cce_3916,Mars_bakim_x1.5,0.005943121917821267,0.005943121917821382,0.9999999999999806,optimal,False
cce_1311,Mars_bakim_x1.5,0.0059431219178149464,0.005943121917821382,0.9999999999989171,optimal,False
cce_4432,Mars_bakim_x1.5,-6.421305223689111e-14,0.005943121917821382,-1.0804599522742114e-11,optimal,True
cce_0818,Mars_bakim_x1.5,0.005943121917822035,0.005943121917821382,1.00000000000011,optimal,False
cce_0293,Mars_bakim_x1.5,3.448936715714125e-17,0.005943121917821382,5.803240726682635e-15,optimal,True
cce_1003,Mars_bakim_x1.5,0.005943121917821688,0.005943121917821382,1.0000000000000513,optimal,False
cce_1620,Mars_bakim_x1.5,0.005943121917822128,0.005943121917821382,1.0000000000001255,optimal,False
cce_4020,Mars_bakim_x1.5,1.2643839258014645e-17,0.005943121917821382,2.1274743195323174e-15,optimal,True
cce_3612,Mars_bakim_x1.5,0.005943121917821097,0.005943121917821382,0.999999999999952,optimal,False
cce_0231,Mars_bakim_x1.5,0.005943121917822128,0.005943121917821382,1.0000000000001255,optimal,False
cce_2966,Mars_bakim_x1.5,-6.3791218459360725e-18,0.005943121917821382,-1.0733621039822986e-15,optimal,True
cce_0940,Mars_bakim_x1.5,0.0,0.005943121917821382,0.0,optimal,True
cce_2378,Mars_bakim_x1.5,0.005943121917821409,0.005943121917821382,1.0000000000000044,optimal,False
cce_3100,Mars_bakim_x1.5,0.005943121917822128,0.005943121917821382,1.0000000000001255,optimal,False
cce_0136,Mars_bakim_x1.5,1.7224211206196125e-17,0.005943121917821382,2.898175646463962e-15,optimal,True
cce_3755,Mars_bakim_x1.5,0.005943121917821607,0.005943121917821382,1.0000000000000377,optimal,False
cce_4118,Mars_bakim_x1.5,4.082995277272533e-17,0.005943121917821382,6.870118657719324e-15,optimal,True
cce_0949,Mars_bakim_x1.5,0.005943121917821323,0.005943121917821382,0.9999999999999901,optimal,False
cce_3359,Mars_bakim_x1.5,0.005943121917821891,0.005943121917821382,1.0000000000000857,optimal,False
cce_0043,Mars_bakim_x1.5,0.005943121917821891,0.005943121917821382,1.0000000000000857,optimal,False
cce_3534,Mars_bakim_x1.5,2.9707269138309716e-17,0.005943121917821382,4.9985966212854925e-15,optimal,True
cce_1266,Mars_bakim_x1.5,0.005943121917821418,0.005943121917821382,1.000000000000006,optimal,False
cce_2482,Mars_bakim_x1.5,0.005943121917821891,0.005943121917821382,1.0000000000000857,optimal,False
cce_0802,Mars_bakim_x1.5,0.005943121917821891,0.005943121917821382,1.0000000000000857,optimal,False
cce_0705,Mars_bakim_x1.5,2.1446589801887974e-17,0.005943121917821382,3.6086403911010164e-15,optimal,True
cce_1489,Mars_bakim_x1.5,0.005943121917821196,0.005943121917821382,0.9999999999999686,optimal,False
cce_4185,Mars_bakim_x1.5,0.005943121917821891,0.005943121917821382,1.0000000000000857,optimal,False
cce_2949,Mars_bakim_x1.5,0.005943121917821891,0.005943121917821382,1.0000000000000857,optimal,False
cce_2134,Mars_bakim_x1.5,0.005850898283189121,0.005943121917821382,0.9844822913096037,optimal,False
cce_2992,Mars_bakim_x1.5,5.474733555419025e-17,0.005943121917821382,9.211881618989136e-15,optimal,True
cce_0603,Mars_bakim_x1.5,0.00594312191782135,0.005943121917821382,0.9999999999999946,optimal,False
cce_3180,Mars_bakim_x1.5,1.5199513664010231e-18,0.005943121917821382,2.5574965269401775e-16,optimal,True
cce_3300,Mars_bakim_x1.5,0.005943121917820732,0.005943121917821382,0.9999999999998905,optimal,False
cce_0077,Mars_bakim_x1.5,-1.0960898292359347e-17,0.005943121917821382,-1.844299754223681e-15,optimal,True
cce_3229,Mars_bakim_x1.5,0.0,0.005943121917821382,0.0,optimal,True
cce_2731,Mars_bakim_x1.5,0.005943121917820873,0.005943121917821382,0.9999999999999143,optimal,False
cce_2316,Mars_bakim_x1.5,0.0059431219178218714,0.005943121917821382,1.0000000000000824,optimal,False
cce_3892,Mars_bakim_x1.5,0.0059431219178212565,0.005943121917821382,0.9999999999999788,optimal,False
cce_4038,Mars_bakim_x1.5,1.0086831474789588e-17,0.005943121917821382,1.6972277557595855e-15,optimal,True
cce_3000,Mars_bakim_x1.5,0.005943121917821368,0.005943121917821382,0.9999999999999977,optimal,False
cce_3146,Mars_bakim_x1.5,1.4628329843049342e-17,0.005943121917821382,2.4613881467220122e-15,optimal,True
cce_1318,Mars_bakim_x1.5,0.0,0.005943121917821382,0.0,optimal,True
cce_0314,Mars_bakim_x1.5,0.0,0.005943121917821382,0.0,optimal,True
cce_4666,Mars_bakim_x1.5,0.0,0.005943121917821382,0.0,optimal,True
cce_1214,Mars_bakim_x1.5,0.005943121917820831,0.005943121917821382,0.9999999999999072,optimal,False
cce_4481,Mars_bakim_x1.5,0.0059431219178212565,0.005943121917821382,0.9999999999999788,optimal,False
cce_4621,Mars_bakim_x1.5,0.0059431219178212565,0.005943121917821382,0.9999999999999788,optimal,False
cce_0553,Mars_bakim_x1.5,0.0059431219178212565,0.005943121917821382,0.9999999999999788,optimal,False
cce_0999,Mars_bakim_x1.5,0.0059431219178212565,0.005943121917821382,0.9999999999999788,optimal,False
cce_3740,Mars_bakim_x1.5,1.4969490603335977e-17,0.005943121917821382,2.5187924478627324e-15,optimal,True
cce_2551,Mars_bakim_x1.5,0.005943121917821427,0.005943121917821382,1.0000000000000075,optimal,False
cce_0575,Mars_bakim_x1.5,0.0059431219178212565,0.005943121917821382,0.9999999999999788,optimal,False
cce_4577,Mars_bakim_x1.5,0.0059431219178212565,0.005943121917821382,0.9999999999999788,optimal,False
cce_2591,Mars_bakim_x1.5,0.0059431219178212565,0.005943121917821382,0.9999999999999788,optimal,False
cce_4420,Mars_bakim_x1.5,-1.2466217303380646e-17,0.005943121917821382,-2.0975873414271952e-15,optimal,True
cce_0044,Mars_bakim_x1.5,0.005943121917821222,0.005943121917821382,0.999999999999973,optimal,False
cce_1903,Mars_bakim_x1.5,0.0059431219178212565,0.005943121917821382,0.9999999999999788,optimal,False
cce_3410,Mars_bakim_x1.5,0.0059431219178212565,0.005943121917821382,0.9999999999999788,optimal,False
cce_2758,Mars_bakim_x1.5,1.6788413606239045e-17,0.005943121917821382,2.8248475865683247e-15,optimal,True
cce_0502,Mars_bakim_x1.5,0.0059431219178222834,0.005943121917821382,1.0000000000001517,optimal,False
cce_RNA047,Mars_bakim_x1.5,1.0086831474789588e-17,0.005943121917821382,1.6972277557595855e-15,optimal,True
cce_3501,Mars_bakim_x1.5,0.005943121917821368,0.005943121917821382,0.9999999999999977,optimal,False
cce_1164,Mars_bakim_x1.5,0.0059431219178212565,0.005943121917821382,0.9999999999999788,optimal,False
cce_1503,Mars_bakim_x1.5,0.0059431219178212565,0.005943121917821382,0.9999999999999788,optimal,False
cce_0994,Mars_bakim_x1.5,0.0034334613120462036,0.005943121917821382,0.5777201544108378,optimal,False
cce_0320,Mars_bakim_x1.5,2.1808646776187166e-17,0.005943121917821382,3.669560725448106e-15,optimal,True
cce_4521,Mars_bakim_x1.5,0.005943121917821251,0.005943121917821382,0.999999999999978,optimal,False
cce_1822,Mars_bakim_x1.5,6.07290677624274e-18,0.005943121917821382,1.0218378253409505e-15,optimal,True
cce_1341,Mars_bakim_x1.5,9.173402006093696e-17,0.005943121917821382,1.5435325293573085e-14,optimal,True
cce_4757,Mars_bakim_x1.5,0.005943121917820499,0.005943121917821382,0.9999999999998515,optimal,False
cce_1289,Mars_bakim_x1.5,-9.745233938262952e-16,0.005943121917821382,-1.6397499618912983e-13,optimal,True
cce_0226,Mars_bakim_x1.5,-6.551978154436743e-20,0.005943121917821382,-1.102447206204808e-17,optimal,True
cce_5184,Mars_bakim_x1.5,0.0059431219178212764,0.005943121917821382,0.9999999999999822,optimal,False
cce_0987,Mars_bakim_x1.5,0.005943121917821575,0.005943121917821382,1.0000000000000324,optimal,False
cce_4814,Mars_bakim_x1.5,0.005943121917821575,0.005943121917821382,1.0000000000000324,optimal,False
cce_4654,Mars_bakim_x1.5,3.8550604481728185e-17,0.005943121917821382,6.486591561604711e-15,optimal,True
cce_2592,Mars_bakim_x1.5,0.00594312191782137,0.005943121917821382,0.999999999999998,optimal,False
cce_3883,Mars_bakim_x1.5,0.005943121917821575,0.005943121917821382,1.0000000000000324,optimal,False
cce_0241,Mars_bakim_x1.5,0.005943121917821575,0.005943121917821382,1.0000000000000324,optimal,False
cce_5178,Mars_bakim_x1.5,0.005943121917821575,0.005943121917821382,1.0000000000000324,optimal,False
cce_0304,Mars_bakim_x1.5,0.005943121917821575,0.005943121917821382,1.0000000000000324,optimal,False
cce_RNA052,Mars_bakim_x1.5,5.771286621060915e-17,0.005943121917821382,9.710866949834578e-15,optimal,True
cce_2981,Mars_bakim_x1.5,0.005943121917821947,0.005943121917821382,1.000000000000095,optimal,False
cce_2221,Mars_bakim_x1.5,0.0037572708396641417,0.005943121917821382,0.632204907053543,optimal,False
cce_0081,Mars_bakim_x1.5,-1.9628621127278912e-17,0.005943121917821382,-3.3027458293290965e-15,optimal,True
cce_3935,Mars_bakim_x1.5,0.005943121917821252,0.005943121917821382,0.9999999999999781,optimal,False
cce_3462,Mars_bakim_x1.5,5.771286621060915e-17,0.005943121917821382,9.710866949834578e-15,optimal,True
cce_2248,Mars_bakim_x1.5,0.005943121917820979,0.005943121917821382,0.9999999999999322,optimal,False
cce_3252,Mars_bakim_x1.5,0.005943121917821575,0.005943121917821382,1.0000000000000324,optimal,False
fig_43989_3_peg_2190,Mars_bakim_x1.5,0.005943121917821575,0.005943121917821382,1.0000000000000324,optimal,False
cce_4600,Mars_bakim_x1.5,0.005943121917821575,0.005943121917821382,1.0000000000000324,optimal,False
cce_2319,Mars_bakim_x1.5,0.003757270839664982,0.005943121917821382,0.6322049070536845,optimal,False
cce_0508,Mars_bakim_x1.5,0.005943121917822023,0.005943121917821382,1.000000000000108,optimal,False
cce_2657,Mars_bakim_x1.5,0.005943121917832326,0.005943121917821382,1.0000000000018414,optimal,False
cce_0885,Mars_bakim_x1.5,0.005943121917832326,0.005943121917821382,1.0000000000018414,optimal,False
cce_3118,Mars_bakim_x1.5,0.005943121917832326,0.005943121917821382,1.0000000000018414,optimal,False
cce_3830,Mars_bakim_x1.5,0.005943121917832326,0.005943121917821382,1.0000000000018414,optimal,False
cce_2237,Mars_bakim_x1.5,6.95582941227828e-17,0.005943121917821382,1.1703999191771813e-14,optimal,True
cce_3016,Mars_bakim_x1.5,0.005943121917821357,0.005943121917821382,0.9999999999999958,optimal,False
cce_2156,Mars_bakim_x1.5,0.005943121917832326,0.005943121917821382,1.0000000000018414,optimal,False
cce_1359,Mars_bakim_x1.5,0.005943121917832326,0.005943121917821382,1.0000000000018414,optimal,False
cce_0997,Mars_bakim_x1.5,0.005914937404449946,0.005943121917821382,0.9952576249046952,optimal,False
cce_0123,Mars_bakim_x1.5,0.005943121917819827,0.005943121917821382,0.9999999999997383,optimal,False
cce_0604,Mars_bakim_x1.5,0.005943121917817315,0.005943121917821382,0.9999999999993157,optimal,False
cce_3202,Mars_bakim_x1.5,4.099441612717976e-17,0.005943121917821382,6.897791546939594e-15,optimal,True
cce_1345,Mars_bakim_x1.5,0.005943121917821467,0.005943121917821382,1.0000000000000142,optimal,False
cce_3766,Mars_bakim_x1.5,0.005943121917817315,0.005943121917821382,0.9999999999993157,optimal,False
cce_1032,Mars_bakim_x1.5,-1.0342684003157224e-16,0.005943121917821382,-1.7402779458626055e-14,optimal,True
cce_0989,Mars_bakim_x1.5,-1.4608224236851123e-15,0.005943121917821382,-2.458005142557496e-13,optimal,True
cce_4409,Mars_bakim_x1.5,0.005943121917821368,0.005943121917821382,0.9999999999999977,optimal,False
cce_3392,Mars_bakim_x1.5,-1.3038041221852495e-16,0.005943121917821382,-2.1938034255625627e-14,optimal,True
cce_2223,Mars_bakim_x1.5,0.003757270839665089,0.005943121917821382,0.6322049070537025,optimal,False
cce_1240,Mars_bakim_x1.5,0.005943121917826452,0.005943121917821382,1.000000000000853,optimal,False
cce_4304,Mars_bakim_x1.5,0.005941751220472271,0.005943121917821382,0.9997693640870801,optimal,False
cce_2883,Mars_bakim_x1.5,-5.3155335946225766e-15,0.005943121917821382,-8.9440090042291e-13,optimal,True
cce_2236,Mars_bakim_x1.5,0.005943121917818172,0.005943121917821382,0.9999999999994599,optimal,False
cce_4022,Mars_bakim_x1.5,1.7466191294289902e-16,0.005943121917821382,2.9388916357099776e-14,optimal,True
cce_1213,Mars_bakim_x1.5,0.005943121917822165,0.005943121917821382,1.0000000000001317,optimal,False
cce_1660,Mars_bakim_x1.5,0.005943034033904196,0.005943121917821382,0.9999852124996927,optimal,False
cce_0263,Mars_bakim_x1.5,-2.7424652767367873e-17,0.005943121917821382,-4.61451963237213e-15,optimal,True
cce_3972,Mars_bakim_x1.5,-3.21731063898108e-30,0.005943121917821382,-5.413502673289387e-28,optimal,True
cce_1670,Mars_bakim_x1.5,0.0059431219178219695,0.005943121917821382,1.0000000000000988,optimal,False
cce_2792,Mars_bakim_x1.5,1.8302952499560097e-14,0.005943121917821382,3.0796865271560097e-12,optimal,True
cce_3794,Mars_bakim_x1.5,0.005943121917824336,0.005943121917821382,1.000000000000497,optimal,False
cce_3158,Mars_bakim_x1.5,0.005943121917832326,0.005943121917821382,1.0000000000018414,optimal,False
cce_0963,Mars_bakim_x1.5,-1.3404743296221118e-16,0.005943121917821382,-2.2555053525025115e-14,optimal,True
cce_2658,Mars_bakim_x1.5,0.005943121917820927,0.005943121917821382,0.9999999999999234,optimal,False
cce_3150,Mars_bakim_x1.5,1.7466191294289902e-16,0.005943121917821382,2.9388916357099776e-14,optimal,True
cce_3822,Mars_bakim_x1.5,0.0,0.005943121917821382,0.0,optimal,True
cce_0267,Mars_bakim_x1.5,0.0059431219178216555,0.005943121917821382,1.000000000000046,optimal,False
cce_4314,Mars_bakim_x1.5,1.9553148670863241e-16,0.005943121917821382,3.290046702934036e-14,optimal,True
cce_2318,Mars_bakim_x1.5,0.0037572708396642093,0.005943121917821382,0.6322049070535545,optimal,False
cce_2605,Mars_bakim_x1.5,-3.136455790188045e-17,0.005943121917821382,-5.277454902587293e-15,optimal,True
cce_1526,Mars_bakim_x1.5,-1.404830321548671e-15,0.005943121917821382,-2.3637918605305187e-13,optimal,True
cce_2117,Mars_bakim_x1.5,-4.9663617863371875e-17,0.005943121917821382,-8.356486464537727e-15,optimal,True
cce_1653,Mars_bakim_x1.5,0.0,0.005943121917821382,0.0,optimal,True
cce_4487,Mars_bakim_x1.5,,0.005943121917821382,0.0,infeasible,True
cce_4299,Mars_bakim_x1.5,0.005943121917821367,0.005943121917821382,0.9999999999999973,optimal,False
cce_3134,Mars_bakim_x1.5,-2.1411389331543402e-17,0.005943121917821382,-3.6027174989188755e-15,optimal,True
cce_4168,Mars_bakim_x1.5,0.005943121917822441,0.005943121917821382,1.0000000000001783,optimal,False
cce_3119,Mars_bakim_x1.5,0.005943121917832326,0.005943121917821382,1.0000000000018414,optimal,False
cce_2016,Mars_bakim_x1.5,0.005943121917832326,0.005943121917821382,1.0000000000018414,optimal,False
cce_4019,Mars_bakim_x1.5,1.7466191294289902e-16,0.005943121917821382,2.9388916357099776e-14,optimal,True
cce_3422,Mars_bakim_x1.5,0.005943121917822165,0.005943121917821382,1.0000000000001317,optimal,False
cce_3256,Mars_bakim_x1.5,1.7466191294289902e-16,0.005943121917821382,2.9388916357099776e-14,optimal,True
cce_0801,Mars_bakim_x1.5,0.0,0.005943121917821382,0.0,optimal,True
cce_0591,Mars_bakim_x1.5,0.005943121917822165,0.005943121917821382,1.0000000000001317,optimal,False
cce_3530,Mars_bakim_x1.5,0.005943121917832326,0.005943121917821382,1.0000000000018414,optimal,False
cce_0493,Mars_bakim_x1.5,0.005943121917832326,0.005943121917821382,1.0000000000018414,optimal,False
cce_2693,Mars_bakim_x1.5,0.005943121917832326,0.005943121917821382,1.0000000000018414,optimal,False
cce_2791,Mars_bakim_x1.5,,0.005943121917821382,0.0,infeasible,True
cce_0927,Mars_bakim_x1.5,5.866322191250307e-33,0.005943121917821382,9.870775448269403e-31,optimal,True
cce_0973,Mars_bakim_x1.5,0.005943121917821371,0.005943121917821382,0.9999999999999981,optimal,False
cce_2568,Mars_bakim_x1.5,0.005943121917820224,0.005943121917821382,0.9999999999998052,optimal,False
cce_4463,Mars_bakim_x1.5,-2.318383392871863e-16,0.005943121917821382,-3.900952100477406e-14,optimal,True
cce_4077,Mars_bakim_x1.5,0.005943121917821498,0.005943121917821382,1.0000000000000193,optimal,False
cce_4123,Mars_bakim_x1.5,-1.730027965074502e-17,0.005943121917821382,-2.9109750548558364e-15,optimal,True
cce_1165,Mars_bakim_x1.5,0.005943121917821659,0.005943121917821382,1.0000000000000466,optimal,False
cce_2756,Mars_bakim_x1.5,-7.020604099032592e-15,0.005943121917821382,-1.1812990202977683e-12,optimal,True
cce_2779,Mars_bakim_x1.5,0.005943121917825822,0.005943121917821382,1.0000000000007472,optimal,False
cce_2061,Mars_bakim_x1.5,0.005943121917821891,0.005943121917821382,1.0000000000000857,optimal,False
cce_0926,Mars_bakim_x1.5,0.005943121917821891,0.005943121917821382,1.0000000000000857,optimal,False
cce_4042,Mars_bakim_x1.5,2.1446589801887974e-17,0.005943121917821382,3.6086403911010164e-15,optimal,True
cce_0860,Mars_bakim_x1.5,-8.20582838628818e-17,0.005943121917821382,-1.3807269141966814e-14,optimal,True
cce_0990,Mars_bakim_x1.5,-5.804270644750815e-15,0.005943121917821382,-9.76636644007891e-13,optimal,True
cce_1064,Mars_bakim_x1.5,0.005943121917828508,0.005943121917821382,1.0000000000011988,optimal,False
cce_4146,Mars_bakim_x1.5,5.906812863747224e-17,0.005943121917821382,9.938905755970982e-15,optimal,True
cce_4423,Mars_bakim_x1.5,0.0,0.005943121917821382,0.0,optimal,True
cce_4103,Mars_bakim_x1.5,0.005943121917821132,0.005943121917821382,0.9999999999999578,optimal,False
cce_4424,Mars_bakim_x1.5,0.005943121917821575,0.005943121917821382,1.0000000000000324,optimal,False
cce_4946,Mars_bakim_x1.5,0.005943121917821575,0.005943121917821382,1.0000000000000324,optimal,False
cce_3759,Mars_bakim_x1.5,0.005943121917821575,0.005943121917821382,1.0000000000000324,optimal,False
cce_4071,Mars_bakim_x1.5,0.005943121917821575,0.005943121917821382,1.0000000000000324,optimal,False
cce_4273,Mars_bakim_x1.5,-9.745233938262952e-16,0.005943121917821382,-1.6397499618912983e-13,optimal,True
cce_0307,Mars_bakim_x1.5,0.005943121917825468,0.005943121917821382,1.0000000000006875,optimal,False
cce_0589,Mars_bakim_x1.5,0.005943121917821575,0.005943121917821382,1.0000000000000324,optimal,False
cce_2725,Mars_bakim_x1.5,-3.2533062364949246e-18,0.005943121917821382,-5.474069489874297e-16,optimal,True
cce_4043,Mars_bakim_x1.5,0.0,0.005943121917821382,0.0,optimal,True
cce_1607,Mars_bakim_x1.5,0.005943121917821173,0.005943121917821382,0.9999999999999648,optimal,False
cce_0399,Mars_bakim_x1.5,0.005943121917821575,0.005943121917821382,1.0000000000000324,optimal,False
cce_4704,Mars_bakim_x1.5,0.005943121917821575,0.005943121917821382,1.0000000000000324,optimal,False
cce_1599,Mars_bakim_x1.5,-6.179444119337262e-16,0.005943121917821382,-1.0397639834389449e-13,optimal,True
cce_3976,Mars_bakim_x1.5,0.0,0.005943121917821382,0.0,optimal,True
cce_1946,Mars_bakim_x1.5,0.0,0.005943121917821382,0.0,optimal,True
cce_2120,Mars_bakim_x1.5,0.0,0.005943121917821382,0.0,optimal,True
cce_0595,Mars_bakim_x1.5,0.005943121917821213,0.005943121917821382,0.9999999999999716,optimal,False
cce_2879,Mars_bakim_x1.5,0.005943121917821575,0.005943121917821382,1.0000000000000324,optimal,False
cce_0921,Mars_bakim_x1.5,3.0353655087072284e-15,0.005943121917821382,5.107358641937345e-13,optimal,True
cce_0384,Mars_bakim_x1.5,0.005943121917821574,0.005943121917821382,1.0000000000000322,optimal,False
cce_4015,Mars_bakim_x1.5,5.771286621060915e-17,0.005943121917821382,9.710866949834578e-15,optimal,True
cce_1861,Mars_bakim_x1.5,-3.132852150396993e-30,0.005943121917821382,-5.2713913557833045e-28,optimal,True
cce_2305,Mars_bakim_x1.5,0.0,0.005943121917821382,0.0,optimal,True
cce_2877,Mars_bakim_x1.5,0.005943121917821341,0.005943121917821382,0.999999999999993,optimal,False
cce_1512,Mars_bakim_x1.5,0.005943121917821575,0.005943121917821382,1.0000000000000324,optimal,False
cce_0460,Mars_bakim_x1.5,3.604622256167688e-17,0.005943121917821382,6.06519991682934e-15,optimal,True
cce_1542,Mars_bakim_x1.5,0.005943121917821828,0.005943121917821382,1.000000000000075,optimal,False
cce_3982,Mars_bakim_x1.5,0.005943121917821575,0.005943121917821382,1.0000000000000324,optimal,False
cce_1210,Mars_bakim_x1.5,6.786294181414916e-15,0.005943121917821382,1.1418736272370838e-12,optimal,True
cce_2696,Mars_bakim_x1.5,-1.4795499813965023e-17,0.005943121917821382,-2.4895164559216594e-15,optimal,True
cce_2494,Mars_bakim_x1.5,0.005943121917821126,0.005943121917821382,0.9999999999999569,optimal,False
cce_3963,Mars_bakim_x1.5,0.005943121917821575,0.005943121917821382,1.0000000000000324,optimal,False
cce_4591,Mars_bakim_x1.5,4.410551553606044e-17,0.005943121917821382,7.42127052850845e-15,optimal,True
cce_3707,Mars_bakim_x1.5,0.0059429719873609795,0.005943121917821382,0.9999747724407347,optimal,False
cce_4680,Mars_bakim_x1.5,1.5718432548574054e-16,0.005943121917821382,2.644810718326318e-14,optimal,True
cce_4258,Mars_bakim_x1.5,-2.722253774055311e-18,0.005943121917821382,-4.58051140746786e-16,optimal,True
cce_1601,Mars_bakim_x1.5,0.005943121917820714,0.005943121917821382,0.9999999999998876,optimal,False
cce_0600,Mars_bakim_x1.5,0.005943121917821331,0.005943121917821382,0.9999999999999913,optimal,False
cce_2887,Mars_bakim_x1.5,1.7118236572728113e-17,0.005943121917821382,2.880344170863532e-15,optimal,True
cce_2225,Mars_bakim_x1.5,0.0059431219178216485,0.005943121917821382,1.0000000000000449,optimal,False
cce_3635,Mars_bakim_x1.5,0.005943121917821331,0.005943121917821382,0.9999999999999913,optimal,False
cce_1392,Mars_bakim_x1.5,3.4228154977116485e-17,0.005943121917821382,5.759288712297488e-15,optimal,True
cce_1640,Mars_bakim_x1.5,0.0059431219178214785,0.005943121917821382,1.0000000000000162,optimal,False
cce_0798,Mars_bakim_x1.5,1.2100289940278305e-16,0.005943121917821382,2.036015768748356e-14,optimal,True
cce_0305,Mars_bakim_x1.5,0.005943121917810829,0.005943121917821382,0.9999999999982243,optimal,False
cce_4888,Mars_bakim_x1.5,0.005943121917821331,0.005943121917821382,0.9999999999999913,optimal,False
cce_2170,Mars_bakim_x1.5,0.005943121917821331,0.005943121917821382,0.9999999999999913,optimal,False
cce_2643,Mars_bakim_x1.5,0.005913032286374591,0.005943121917821382,0.994937066433626,optimal,False
cce_4945,Mars_bakim_x1.5,0.00594312191782004,0.005943121917821382,0.9999999999997741,optimal,False
cce_0172,Mars_bakim_x1.5,1.7117032315529613e-17,0.005943121917821382,2.8801415404589818e-15,optimal,True
cce_2771,Mars_bakim_x1.5,0.005943121917821778,0.005943121917821382,1.0000000000000666,optimal,False
cce_2932,Mars_bakim_x1.5,0.005943121917821331,0.005943121917821382,0.9999999999999913,optimal,False
cce_0871,Mars_bakim_x1.5,0.005943121917821331,0.005943121917821382,0.9999999999999913,optimal,False
cce_1176,Mars_bakim_x1.5,0.003757270839665229,0.005943121917821382,0.632204907053726,optimal,False
cce_2298,Mars_bakim_x1.5,1.3053057281915833e-17,0.005943121917821382,2.1963300538685225e-15,optimal,True
cce_2054,Mars_bakim_x1.5,0.005943121917821353,0.005943121917821382,0.999999999999995,optimal,False
cce_0303,Mars_bakim_x1.5,0.005943121917821648,0.005943121917821382,1.0000000000000446,optimal,False
cce_1514,Mars_bakim_x1.5,0.005943121917821648,0.005943121917821382,1.0000000000000446,optimal,False
cce_3347,Mars_bakim_x1.5,-1.3882246722517103e-17,0.005943121917821382,-2.335850907060986e-15,optimal,True
cce_4030,Mars_bakim_x1.5,0.0,0.005943121917821382,0.0,optimal,True
cce_4813,Mars_bakim_x1.5,0.005943121917821673,0.005943121917821382,1.0000000000000488,optimal,False
cce_0202,Mars_bakim_x1.5,0.005943121917821648,0.005943121917821382,1.0000000000000446,optimal,False
cce_0036,Mars_bakim_x1.5,-2.658594544658234e-16,0.005943121917821382,-4.473397284154683e-14,optimal,True
cce_3620,Mars_bakim_x1.5,0.0059431219178208115,0.005943121917821382,0.999999999999904,optimal,False
cce_1665,Mars_bakim_x1.5,0.005943121917821648,0.005943121917821382,1.0000000000000446,optimal,False
cce_0663,Mars_bakim_x1.5,0.00594297862653711,0.005943121917821382,0.9999758895600236,optimal,False
cce_4483,Mars_bakim_x1.5,0.0059431219178229435,0.005943121917821382,1.0000000000002627,optimal,False
cce_2959,Mars_bakim_x1.5,,0.005943121917821382,0.0,infeasible,True
cce_1976,Mars_bakim_x1.5,0.004906108118986832,0.005943121917821382,0.8255102598981013,optimal,False
cce_2038,Mars_bakim_x1.5,-5.932129065250667e-17,0.005943121917821382,-9.981503235634874e-15,optimal,True
cce_3957,Mars_bakim_x1.5,3.9417326569410654e-15,0.005943121917821382,6.632427723081302e-13,optimal,True
cce_0240,Mars_bakim_x1.5,0.005943121917820342,0.005943121917821382,0.999999999999825,optimal,False
cce_3663,Mars_bakim_x1.5,0.00594312191782138,0.005943121917821382,0.9999999999999996,optimal,False
cce_3335,Mars_bakim_x1.5,0.00594312191782138,0.005943121917821382,0.9999999999999996,optimal,False
cce_2939,Mars_bakim_x1.5,0.00594312191782138,0.005943121917821382,0.9999999999999996,optimal,False
cce_0292,Mars_bakim_x1.5,0.005943121917821413,0.005943121917821382,1.000000000000005,optimal,False
cce_3993,Mars_bakim_x1.5,0.005943121917821413,0.005943121917821382,1.000000000000005,optimal,False
cce_1588,Mars_bakim_x1.5,0.005943121917821413,0.005943121917821382,1.000000000000005,optimal,False
cce_1859,Mars_bakim_x1.5,0.005943121917821413,0.005943121917821382,1.000000000000005,optimal,False
cce_4385,Mars_bakim_x1.5,0.005943121917821413,0.005943121917821382,1.000000000000005,optimal,False
cce_3801,Mars_bakim_x1.5,0.005943121917821413,0.005943121917821382,1.000000000000005,optimal,False
cce_1057,Mars_bakim_x1.5,0.005943121917821413,0.005943121917821382,1.000000000000005,optimal,False
cce_2358,Mars_bakim_x1.5,-3.9740487550500846e-20,0.005943121917821382,-6.686803350160589e-18,optimal,True
cce_2010,Mars_bakim_x1.5,0.005943121917821434,0.005943121917821382,1.0000000000000087,optimal,False
cce_0953,Mars_bakim_x1.5,0.005943121917821413,0.005943121917821382,1.000000000000005,optimal,False
cce_1606,Mars_bakim_x1.5,0.005943121917821413,0.005943121917821382,1.000000000000005,optimal,False
cce_0811,Mars_bakim_x1.5,2.785842829594782e-15,0.005943121917821382,4.687507455031329e-13,optimal,True
cce_0701,Mars_bakim_x1.5,0.00594312191782188,0.005943121917821382,1.0000000000000837,optimal,False
cce_1349,Mars_bakim_x1.5,0.005943121917821413,0.005943121917821382,1.000000000000005,optimal,False
cce_1776,Mars_bakim_x1.5,0.005943121917821413,0.005943121917821382,1.000000000000005,optimal,False
cce_0065,Mars_bakim_x1.5,0.005943121917821413,0.005943121917821382,1.000000000000005,optimal,False
cce_3504,Mars_bakim_x1.5,1.0883625590612044e-17,0.005943121917821382,1.831297715427272e-15,optimal,True
cce_2625,Mars_bakim_x1.5,1.477763856766565e-15,0.005943121917821382,2.48651109164572e-13,optimal,True
cce_4400,Mars_bakim_x1.5,0.0,0.005943121917821382,0.0,optimal,True
cce_5186,Mars_bakim_x1.5,0.005943121917821467,0.005943121917821382,1.0000000000000142,optimal,False
cce_0224,Mars_bakim_x1.5,3.448816289994272e-17,0.005943121917821382,5.803038096278079e-15,optimal,True
cce_1595,Mars_bakim_x1.5,0.005943121917821278,0.005943121917821382,0.9999999999999825,optimal,False
cce_1614,Mars_bakim_x1.5,4.08311570299238e-17,0.005943121917821382,6.870321288123869e-15,optimal,True
cce_4488,Mars_bakim_x1.5,0.005943121917822444,0.005943121917821382,1.0000000000001787,optimal,False
cce_0628,Mars_bakim_x1.5,1.7226619720593112e-17,0.005943121917821382,2.89858090727306e-15,optimal,True
cce_0807,Mars_bakim_x1.5,0.005943121917821266,0.005943121917821382,0.9999999999999805,optimal,False
cce_0912,Mars_bakim_x1.5,0.005943121917822117,0.005943121917821382,1.0000000000001237,optimal,False
cce_1139,Mars_bakim_x1.5,0.005943121917822117,0.005943121917821382,1.0000000000001237,optimal,False
cce_1905,Mars_bakim_x1.5,0.005943121917822117,0.005943121917821382,1.0000000000001237,optimal,False
cce_0154,Mars_bakim_x1.5,0.005943121917822117,0.005943121917821382,1.0000000000001237,optimal,False
cce_1242,Mars_bakim_x1.5,0.005943121917822117,0.005943121917821382,1.0000000000001237,optimal,False
cce_3401,Mars_bakim_x1.5,1.0886034105009043e-17,0.005943121917821382,1.8317029762363723e-15,optimal,True
cce_3891,Mars_bakim_x1.5,0.005943121917821446,0.005943121917821382,1.0000000000000107,optimal,False
cce_2531,Mars_bakim_x1.5,0.005943121917822117,0.005943121917821382,1.0000000000001237,optimal,False
cce_4091,Mars_bakim_x1.5,1.7226619720593112e-17,0.005943121917821382,2.89858090727306e-15,optimal,True
cce_4686,Mars_bakim_x1.5,0.005943121917821522,0.005943121917821382,1.0000000000000235,optimal,False
cce_4845,Mars_bakim_x1.5,0.005943121917822117,0.005943121917821382,1.0000000000001237,optimal,False
cce_4913,Mars_bakim_x1.5,0.005943121917822117,0.005943121917821382,1.0000000000001237,optimal,False
cce_2359,Mars_bakim_x1.5,1.7226619720593112e-17,0.005943121917821382,2.89858090727306e-15,optimal,True
cce_1722,Mars_bakim_x1.5,0.0,0.005943121917821382,0.0,optimal,True
cce_1384,Mars_bakim_x1.5,,0.005943121917821382,0.0,infeasible,True
cce_1975,Mars_bakim_x1.5,0.004906108118986753,0.005943121917821382,0.8255102598980881,optimal,False
cce_0282,Mars_bakim_x1.5,-9.096539475496378e-17,0.005943121917821382,-1.5305995066698832e-14,optimal,True
cce_2549,Mars_bakim_x1.5,0.005943121917821366,0.005943121917821382,0.9999999999999972,optimal,False
cce_1985,Mars_bakim_x1.5,0.005943121917808733,0.005943121917821382,0.9999999999978716,optimal,False
cce_2882,Mars_bakim_x1.5,-3.365940785413365e-13,0.005943121917821382,-5.6635903351066455e-11,optimal,True
cce_1659,Mars_bakim_x1.5,0.005943121917822991,0.005943121917821382,1.0000000000002707,optimal,False
cce_5286,Mars_bakim_x1.5,2.2470784977458505e-17,0.005943121917821382,3.780973247423435e-15,optimal,True
cce_2958,Mars_bakim_x1.5,0.005943121917820705,0.005943121917821382,0.999999999999886,optimal,False
cce_4254,Mars_bakim_x1.5,0.005943121917808733,0.005943121917821382,0.9999999999978716,optimal,False
cce_0387,Mars_bakim_x1.5,0.005943121917808733,0.005943121917821382,0.9999999999978716,optimal,False
cce_4253,Mars_bakim_x1.5,0.005943121917808733,0.005943121917821382,0.9999999999978716,optimal,False
cce_1996,Mars_bakim_x1.5,0.005943121917808733,0.005943121917821382,0.9999999999978716,optimal,False
cce_1367,Mars_bakim_x1.5,2.2470784977458505e-17,0.005943121917821382,3.780973247423435e-15,optimal,True
cce_5187,Mars_bakim_x1.5,0.005943121917820705,0.005943121917821382,0.999999999999886,optimal,False
cce_4479,Mars_bakim_x1.5,0.005943121917808733,0.005943121917821382,0.9999999999978716,optimal,False
cce_0382,Mars_bakim_x1.5,-2.5752209529080798e-17,0.005943121917821382,-4.3331114328748265e-15,optimal,True
cce_2522,Mars_bakim_x1.5,0.005943121917821496,0.005943121917821382,1.000000000000019,optimal,False
cce_1850,Mars_bakim_x1.5,0.005938209577695629,0.005943121917821382,0.9991734411318364,optimal,False
cce_0890,Mars_bakim_x1.5,0.0059431219178251084,0.005943121917821382,1.000000000000627,optimal,False
cce_1527,Mars_bakim_x1.5,0.005943121917808733,0.005943121917821382,0.9999999999978716,optimal,False
cce_2813,Mars_bakim_x1.5,0.005943121917808733,0.005943121917821382,0.9999999999978716,optimal,False
cce_0829,Mars_bakim_x1.5,-3.2127488827918325e-17,0.005943121917821382,-5.405826983218873e-15,optimal,True
cce_0217,Mars_bakim_x1.5,0.0,0.005943121917821382,0.0,optimal,True
cce_3025,Mars_bakim_x1.5,0.005943121917821447,0.005943121917821382,1.0000000000000109,optimal,False
cce_0544,Mars_bakim_x1.5,0.005943121917808733,0.005943121917821382,0.9999999999978716,optimal,False
cce_0825,Mars_bakim_x1.5,0.005943121917808733,0.005943121917821382,0.9999999999978716,optimal,False
cce_5197,Mars_bakim_x1.5,0.005943121917808733,0.005943121917821382,0.9999999999978716,optimal,False
cce_2314,Mars_bakim_x1.5,0.005943121917808733,0.005943121917821382,0.9999999999978716,optimal,False
cce_2222,Mars_bakim_x1.5,0.00375727083965895,0.005943121917821382,0.6322049070526695,optimal,False
cce_3244,Mars_bakim_x1.5,0.005942978626536968,0.005943121917821382,0.9999758895599996,optimal,False
cce_3816,Mars_bakim_x1.5,5.171688848016676e-15,0.005943121917821382,8.70197333914446e-13,optimal,True
cce_0510,Mars_bakim_x1.5,-5.5009290662987835e-17,0.005943121917821382,-9.255958639857926e-15,optimal,True
cce_1014,Mars_bakim_x1.5,0.0,0.005943121917821382,0.0,optimal,True
cce_4073,Mars_bakim_x1.5,0.005943121917821478,0.005943121917821382,1.000000000000016,optimal,False
cce_1411,Mars_bakim_x1.5,0.005943121917814114,0.005943121917821382,0.999999999998777,optimal,False
cce_2255,Mars_bakim_x1.5,0.005943121917814114,0.005943121917821382,0.999999999998777,optimal,False
cce_2560,Mars_bakim_x1.5,0.005943121917814114,0.005943121917821382,0.999999999998777,optimal,False
cce_0061,Mars_bakim_x1.5,0.00594297198735357,0.005943121917821382,0.9999747724394878,optimal,False
cce_3970,Mars_bakim_x1.5,0.005943121917821562,0.005943121917821382,1.0000000000000302,optimal,False
cce_1747,Mars_bakim_x1.5,-1.813284405060782e-15,0.005943121917821382,-3.051063784546241e-13,optimal,True
cce_2923,Mars_bakim_x1.5,0.0,0.005943121917821382,0.0,optimal,True
cce_4122,Mars_bakim_x1.5,0.0,0.005943121917821382,0.0,optimal,True
cce_4475,Mars_bakim_x1.5,0.005943121917821451,0.005943121917821382,1.0000000000000115,optimal,False
cce_2765,Mars_bakim_x1.5,0.005943121917814114,0.005943121917821382,0.999999999998777,optimal,False
cce_4013,Mars_bakim_x1.5,-5.3984811011631965e-17,0.005943121917821382,-9.08357791714655e-15,optimal,True
cce_1511,Mars_bakim_x1.5,,0.005943121917821382,0.0,infeasible,True
cce_1789,Mars_bakim_x1.5,0.005943121917821163,0.005943121917821382,0.999999999999963,optimal,False
cce_4222,Mars_bakim_x1.5,2.5586232945357903e-16,0.005943121917821382,4.3051839250737186e-14,optimal,True
cce_1533,Mars_bakim_x1.5,-8.76424749465428e-31,0.005943121917821382,-1.4746874817380592e-28,optimal,True
cce_3224,Mars_bakim_x1.5,0.0,0.005943121917821382,0.0,optimal,True
cce_0797,Mars_bakim_x1.5,0.005943121917821701,0.005943121917821382,1.0000000000000535,optimal,False
cce_0405,Mars_bakim_x1.5,0.00594312191782138,0.005943121917821382,0.9999999999999996,optimal,False
cce_2412,Mars_bakim_x1.5,-1.603010283468197e-17,0.005943121917821382,-2.697252901141603e-15,optimal,True
cce_4571,Mars_bakim_x1.5,6.746213748279744e-31,0.005943121917821382,1.135129624053339e-28,optimal,True
cce_3233,Mars_bakim_x1.5,0.0059431219178212365,0.005943121917821382,0.9999999999999755,optimal,False
cce_4028,Mars_bakim_x1.5,3.0613592917080024e-17,0.005943121917821382,5.151096231978747e-15,optimal,True
cce_3487,Mars_bakim_x1.5,0.005943121917821887,0.005943121917821382,1.000000000000085,optimal,False
cce_1284,Mars_bakim_x1.5,0.00594312191782138,0.005943121917821382,0.9999999999999996,optimal,False
cce_2207,Mars_bakim_x1.5,0.00594312191782138,0.005943121917821382,0.9999999999999996,optimal,False
cce_4758,Mars_bakim_x1.5,0.00594312191782138,0.005943121917821382,0.9999999999999996,optimal,False
cce_4520,Mars_bakim_x1.5,0.00594312191782138,0.005943121917821382,0.9999999999999996,optimal,False
cce_3984,Mars_bakim_x1.5,0.00594312191782138,0.005943121917821382,0.9999999999999996,optimal,False
cce_2627,Mars_bakim_x1.5,0.00594312191782138,0.005943121917821382,0.9999999999999996,optimal,False
cce_1806,Mars_bakim_x1.5,0.00594312191782138,0.005943121917821382,0.9999999999999996,optimal,False
cce_0338,Mars_bakim_x1.5,0.00594312191782138,0.005943121917821382,0.9999999999999996,optimal,False
cce_1917,Mars_bakim_x1.5,0.00594312191782138,0.005943121917821382,0.9999999999999996,optimal,False
cce_2253,Mars_bakim_x1.5,0.00594312191782138,0.005943121917821382,0.9999999999999996,optimal,False
cce_4692,Mars_bakim_x1.5,0.00594312191782138,0.005943121917821382,0.9999999999999996,optimal,False
cce_4637,Mars_bakim_x1.5,0.00594312191782138,0.005943121917821382,0.9999999999999996,optimal,False
cce_4353,Mars_bakim_x1.5,0.00594312191782138,0.005943121917821382,0.9999999999999996,optimal,False
cce_3223,Mars_bakim_x1.5,-1.556764837701249e-17,0.005943121917821382,-2.6194395121409937e-15,optimal,True
cce_3989,Mars_bakim_x1.5,0.005943121917821354,0.005943121917821382,0.9999999999999952,optimal,False
cce_3509,Mars_bakim_x1.5,0.00594312191782138,0.005943121917821382,0.9999999999999996,optimal,False
cce_2373,Mars_bakim_x1.5,0.00594312191782138,0.005943121917821382,0.9999999999999996,optimal,False
cce_0091,Mars_bakim_x1.5,0.00594312191782138,0.005943121917821382,0.9999999999999996,optimal,False
cce_4480,Mars_bakim_x1.5,0.00594312191782138,0.005943121917821382,0.9999999999999996,optimal,False
cce_1121,Mars_bakim_x1.5,0.00594312191782138,0.005943121917821382,0.9999999999999996,optimal,False
cce_0897,Mars_bakim_x1.5,0.00594312191782138,0.005943121917821382,0.9999999999999996,optimal,False
cce_3209,Mars_bakim_x1.5,3.2895533331673854e-16,0.005943121917821382,5.5350594833048e-14,optimal,True
cce_0844,Mars_bakim_x1.5,0.005943121917821354,0.005943121917821382,0.9999999999999952,optimal,False
cce_3508,Mars_bakim_x1.5,0.00594312191782138,0.005943121917821382,0.9999999999999996,optimal,False
cce_4512,Mars_bakim_x1.5,-9.841742338515157e-18,0.005943121917821382,-1.6559886326752192e-15,optimal,True
cce_1163,Mars_bakim_x1.5,0.00594312191782126,0.005943121917821382,0.9999999999999795,optimal,False
cce_1010,Mars_bakim_x1.5,0.00594312191782138,0.005943121917821382,0.9999999999999996,optimal,False
cce_2610,Mars_bakim_x1.5,0.00594312191782138,0.005943121917821382,0.9999999999999996,optimal,False
cce_2630,Mars_bakim_x1.5,0.00594312191782138,0.005943121917821382,0.9999999999999996,optimal,False
cce_4510,Mars_bakim_x1.5,0.00594312191782138,0.005943121917821382,0.9999999999999996,optimal,False
cce_4473,Mars_bakim_x1.5,1.3278691878284582e-16,0.005943121917821382,2.234295722331784e-14,optimal,True
cce_2536,Mars_bakim_x1.5,0.00594312191782105,0.005943121917821382,0.9999999999999442,optimal,False
cce_0258,Mars_bakim_x1.5,2.5417337134612852e-17,0.005943121917821382,4.276765223071562e-15,optimal,True
cce_2572,Mars_bakim_x1.5,1.7237193088247097e-15,0.005943121917821382,2.900360000450045e-13,optimal,True
cce_4638,Mars_bakim_x1.5,-1.9145706795574397e-13,0.005943121917821382,-3.221489826443404e-11,optimal,True
cce_5183,Mars_bakim_x1.5,0.005943121917825285,0.005943121917821382,1.0000000000006568,optimal,False
cce_2697,Mars_bakim_x1.5,0.005943121917821891,0.005943121917821382,1.0000000000000857,optimal,False
cce_1692,Mars_bakim_x1.5,0.005943121917821891,0.005943121917821382,1.0000000000000857,optimal,False
cce_3251,Mars_bakim_x1.5,5.483005276646778e-17,0.005943121917821382,9.225799760568814e-15,optimal,True
cce_0315,Mars_bakim_x1.5,0.0,0.005943121917821382,0.0,optimal,True
cce_3156,Mars_bakim_x1.5,0.0059431219178212626,0.005943121917821382,0.9999999999999799,optimal,False
cce_0590,Mars_bakim_x1.5,1.0053714172453574e-14,0.005943121917821382,1.6916553810390357e-12,optimal,True
cce_1629,Mars_bakim_x1.5,0.005943121917821367,0.005943121917821382,0.9999999999999973,optimal,False
cce_1485,Mars_bakim_x1.5,0.005943121917804561,0.005943121917821382,0.9999999999971696,optimal,False
cce_0800,Mars_bakim_x1.5,0.005943121917804561,0.005943121917821382,0.9999999999971696,optimal,False
cce_4350,Mars_bakim_x1.5,0.005943121917804561,0.005943121917821382,0.9999999999971696,optimal,False
cce_3516,Mars_bakim_x1.5,0.005943121917804561,0.005943121917821382,0.9999999999971696,optimal,False
cce_3887,Mars_bakim_x1.5,0.005943121917804561,0.005943121917821382,0.9999999999971696,optimal,False
cce_4227,Mars_bakim_x1.5,3.636003859323892e-16,0.005943121917821382,6.118003146495724e-14,optimal,True
cce_2302,Mars_bakim_x1.5,0.005943121917821319,0.005943121917821382,0.9999999999999893,optimal,False
cce_4029,Mars_bakim_x1.5,-8.083937185509474e-18,0.005943121917821382,-1.3602172893792609e-15,optimal,True
cce_3716,Mars_bakim_x1.5,2.662924327833027e-29,0.005943121917821382,4.480682652408377e-27,optimal,True
cce_4745,Mars_bakim_x1.5,0.005943121917820341,0.005943121917821382,0.9999999999998249,optimal,False
cce_1310,Mars_bakim_x1.5,0.00594312191782138,0.005943121917821382,0.9999999999999996,optimal,False
cce_4478,Mars_bakim_x1.5,4.5792643217962524e-17,0.005943121917821382,7.705149557953053e-15,optimal,True
cce_2963,Mars_bakim_x1.5,0.0059431219178230354,0.005943121917821382,1.0000000000002782,optimal,False
cce_0032,Mars_bakim_x1.5,0.00594312191782138,0.005943121917821382,0.9999999999999996,optimal,False
cce_3754,Mars_bakim_x1.5,0.00594312191782138,0.005943121917821382,0.9999999999999996,optimal,False
cce_4249,Mars_bakim_x1.5,-1.2353512338729232e-17,0.005943121917821382,-2.0786234086306207e-15,optimal,True
cce_1864,Mars_bakim_x1.5,0.005943121917821131,0.005943121917821382,0.9999999999999577,optimal,False
cce_2750,Mars_bakim_x1.5,0.00594312191782138,0.005943121917821382,0.9999999999999996,optimal,False
cce_2342,Mars_bakim_x1.5,3.331299781639921e-17,0.005943121917821382,5.605302781439662e-15,optimal,True
cce_0294,Mars_bakim_x1.5,0.0,0.005943121917821382,0.0,optimal,True
cce_4370,Mars_bakim_x1.5,0.0,0.005943121917821382,0.0,optimal,True
cce_1495,Mars_bakim_x1.5,0.005943121917820297,0.005943121917821382,0.9999999999998175,optimal,False
cce_0538,Mars_bakim_x1.5,0.00594312191782138,0.005943121917821382,0.9999999999999996,optimal,False
cce_2357,Mars_bakim_x1.5,4.3095646833040286e-17,0.005943121917821382,7.25134826930123e-15,optimal,True
cce_4489,Mars_bakim_x1.5,0.005943121917821047,0.005943121917821382,0.9999999999999435,optimal,False
cce_3261,Mars_bakim_x1.5,0.00594312191782138,0.005943121917821382,0.9999999999999996,optimal,False
cce_4110,Mars_bakim_x1.5,0.00594312191782138,0.005943121917821382,0.9999999999999996,optimal,False
cce_1508,Mars_bakim_x1.5,0.00594312191782138,0.005943121917821382,0.9999999999999996,optimal,False
cce_1674,Mars_bakim_x1.5,-1.1398021661915842e-17,0.005943121917821382,-1.9178508904111638e-15,optimal,True
cce_1501,Mars_bakim_x1.5,0.005943121917821428,0.005943121917821382,1.0000000000000078,optimal,False
cce_1290,Mars_bakim_x1.5,1.0136158266799678e-16,0.005943121917821382,1.7055275673219523e-14,optimal,True
cce_1166,Mars_bakim_x1.5,0.005943121917821475,0.005943121917821382,1.0000000000000155,optimal,False
cce_4760,Mars_bakim_x1.5,-5.118043101990314e-18,0.005943121917821382,-8.611708076597015e-16,optimal,True
cce_2936,Mars_bakim_x1.5,0.0,0.005943121917821382,0.0,optimal,True
cce_0594,Mars_bakim_x1.5,-1.118562053309065e-30,0.005943121917821382,-1.8821119081452485e-28,optimal,True
cce_3423,Mars_bakim_x1.5,0.005943121917821835,0.005943121917821382,1.0000000000000762,optimal,False
cce_4117,Mars_bakim_x1.5,1.5106242119140447e-17,0.005943121917821382,2.54180249505601e-15,optimal,True
cce_1377,Mars_bakim_x1.5,0.005943121917821779,0.005943121917821382,1.0000000000000666,optimal,False
cce_2789,Mars_bakim_x1.5,0.00594312191782138,0.005943121917821382,0.9999999999999996,optimal,False
cce_0284,Mars_bakim_x1.5,-1.1398021661915842e-17,0.005943121917821382,-1.9178508904111638e-15,optimal,True
cce_2244,Mars_bakim_x1.5,0.005943121917821428,0.005943121917821382,1.0000000000000078,optimal,False
cce_3607,Mars_bakim_x1.5,0.00594312191782138,0.005943121917821382,0.9999999999999996,optimal,False
cce_4860,Mars_bakim_x1.5,0.00594312191782138,0.005943121917821382,0.9999999999999996,optimal,False
cce_1522,Mars_bakim_x1.5,0.00594312191782138,0.005943121917821382,0.9999999999999996,optimal,False
cce_4034,Mars_bakim_x1.5,1.9448706037189907e-16,0.005943121917821382,3.272473004275735e-14,optimal,True
cce_2888,Mars_bakim_x1.5,0.005943121917822042,0.005943121917821382,1.000000000000111,optimal,False
cce_0878,Mars_bakim_x1.5,-7.556695443876975e-18,0.005943121917821382,-1.2715026796298828e-15,optimal,True
cce_4208,Mars_bakim_x1.5,0.005943121917821399,0.005943121917821382,1.0000000000000027,optimal,False
cce_3522,Mars_bakim_x1.5,0.00594312191782138,0.005943121917821382,0.9999999999999996,optimal,False
cce_4075,Mars_bakim_x1.5,0.00594312191782138,0.005943121917821382,0.9999999999999996,optimal,False
cce_4626,Mars_bakim_x1.5,0.00594312191782138,0.005943121917821382,0.9999999999999996,optimal,False
cce_4391,Mars_bakim_x1.5,0.00594312191782138,0.005943121917821382,0.9999999999999996,optimal,False
cce_1391,Mars_bakim_x1.5,2.8418374070501084e-18,0.005943121917821382,4.781724902072787e-16,optimal,True
cce_1506,Mars_bakim_x1.5,,0.005943121917821382,0.0,infeasible,True
cce_3746,Mars_bakim_x2.5,0.003088792351798371,0.0030887923518004195,0.9999999999993369,optimal,False
cce_0688,Mars_bakim_x2.5,-5.180930138922143e-15,0.0030887923518004195,-1.6773319630574202e-12,optimal,True
cce_0863,Mars_bakim_x2.5,0.003088792351799997,0.0030887923518004195,0.9999999999998632,optimal,False
cce_0770,Mars_bakim_x2.5,0.00308879235180145,0.0030887923518004195,1.0000000000003335,optimal,False
cce_2383,Mars_bakim_x2.5,0.0030887923518008206,0.0030887923518004195,1.00000000000013,optimal,False
cce_4641,Mars_bakim_x2.5,0.0030887923518008206,0.0030887923518004195,1.00000000000013,optimal,False
cce_1354,Mars_bakim_x2.5,-4.783609658244174e-18,0.0030887923518004195,-1.548699010296327e-15,optimal,True
cce_1843,Mars_bakim_x2.5,0.0030887923518008943,0.0030887923518004195,1.0000000000001537,optimal,False
cce_3417,Mars_bakim_x2.5,0.003088792351800006,0.0030887923518004195,0.9999999999998662,optimal,False
cce_5177,Mars_bakim_x2.5,0.003088792351800006,0.0030887923518004195,0.9999999999998662,optimal,False
cce_0560,Mars_bakim_x2.5,-7.43188767788753e-15,0.0030887923518004195,-2.4060819995088285e-12,optimal,True
cce_0847,Mars_bakim_x2.5,0.003088792351798872,0.0030887923518004195,0.9999999999994991,optimal,False
cce_3974,Mars_bakim_x2.5,0.003088792351800006,0.0030887923518004195,0.9999999999998662,optimal,False
cce_1125,Mars_bakim_x2.5,0.003088792351800006,0.0030887923518004195,0.9999999999998662,optimal,False
cce_2317,Mars_bakim_x2.5,0.0005908725398633675,0.0030887923518004195,0.191295649744456,optimal,False
cce_3166,Mars_bakim_x2.5,4.724199489749033e-16,0.0030887923518004195,1.5294649013862503e-13,optimal,True
cce_3952,Mars_bakim_x2.5,0.0030887923518087236,0.0030887923518004195,1.0000000000026885,optimal,False
cce_1632,Mars_bakim_x2.5,0.0030887923518002833,0.0030887923518004195,0.9999999999999559,optimal,False
cce_1605,Mars_bakim_x2.5,0.0030887923518002833,0.0030887923518004195,0.9999999999999559,optimal,False
cce_5174,Mars_bakim_x2.5,0.0030887923518002833,0.0030887923518004195,0.9999999999999559,optimal,False
cce_0561,Mars_bakim_x2.5,-4.890186384840199e-15,0.0030887923518004195,-1.5832033454724688e-12,optimal,True
cce_3576,Mars_bakim_x2.5,1.242597896425341e-17,0.0030887923518004195,4.022924673784063e-15,optimal,True
cce_4842,Mars_bakim_x2.5,0.003088792351800595,0.0030887923518004195,1.0000000000000568,optimal,False
cce_2446,Mars_bakim_x2.5,0.0030887923518002833,0.0030887923518004195,0.9999999999999559,optimal,False
cce_0782,Mars_bakim_x2.5,0.0030887923518002833,0.0030887923518004195,0.9999999999999559,optimal,False
cce_4346,Mars_bakim_x2.5,0.0030887923518002833,0.0030887923518004195,0.9999999999999559,optimal,False
cce_4111,Mars_bakim_x2.5,0.0030887923518002833,0.0030887923518004195,0.9999999999999559,optimal,False
cce_1382,Mars_bakim_x2.5,2.899216573021083e-17,0.0030887923518004195,9.38624628272977e-15,optimal,True
cce_0210,Mars_bakim_x2.5,0.003088792351800418,0.0030887923518004195,0.9999999999999996,optimal,False
cce_4018,Mars_bakim_x2.5,-7.406305921388574e-18,0.0030887923518004195,-2.397799877052767e-15,optimal,True
cce_0877,Mars_bakim_x2.5,0.0,0.0030887923518004195,0.0,optimal,True
cce_1671,Mars_bakim_x2.5,0.003088792351800392,0.0030887923518004195,0.9999999999999911,optimal,False
cce_0707,Mars_bakim_x2.5,0.0030887923518005773,0.0030887923518004195,1.000000000000051,optimal,False
cce_4040,Mars_bakim_x2.5,2.4819713745142852e-17,0.0030887923518004195,8.03541025691667e-15,optimal,True
cce_2548,Mars_bakim_x2.5,0.0030887923518018888,0.0030887923518004195,1.0000000000004756,optimal,False
cce_2372,Mars_bakim_x2.5,0.0030887923518005773,0.0030887923518004195,1.000000000000051,optimal,False
cce_3990,Mars_bakim_x2.5,1.8575268873003903e-17,0.0030887923518004195,6.0137642021085054e-15,optimal,True
cce_4039,Mars_bakim_x2.5,0.0030887923518002655,0.0030887923518004195,0.9999999999999502,optimal,False
cce_0490,Mars_bakim_x2.5,0.0030887923518005773,0.0030887923518004195,1.000000000000051,optimal,False
cce_0225,Mars_bakim_x2.5,2.4819713745142852e-17,0.0030887923518004195,8.03541025691667e-15,optimal,True
cce_3094,Mars_bakim_x2.5,0.0,0.0030887923518004195,0.0,optimal,True
cce_2087,Mars_bakim_x2.5,0.0030887923518008336,0.0030887923518004195,1.0000000000001341,optimal,False
cce_1202,Mars_bakim_x2.5,0.0030887923518005773,0.0030887923518004195,1.000000000000051,optimal,False
cce_1084,Mars_bakim_x2.5,-4.089166275233936e-15,0.0030887923518004195,-1.3238721835251925e-12,optimal,True
cce_3719,Mars_bakim_x2.5,0.0030887923517987437,0.0030887923518004195,0.9999999999994574,optimal,False
cce_4023,Mars_bakim_x2.5,2.4819713745141435e-17,0.0030887923518004195,8.035410256916211e-15,optimal,True
cce_0831,Mars_bakim_x2.5,0.0030887923518018888,0.0030887923518004195,1.0000000000004756,optimal,False
cce_3246,Mars_bakim_x2.5,0.0030887923518005773,0.0030887923518004195,1.000000000000051,optimal,False
cce_2580,Mars_bakim_x2.5,0.0030887923518005773,0.0030887923518004195,1.000000000000051,optimal,False
cce_1108,Mars_bakim_x2.5,-7.572564757123563e-18,0.0030887923518004195,-2.4516263622284633e-15,optimal,True
cce_4835,Mars_bakim_x2.5,0.0030887923518009884,0.0030887923518004195,1.0000000000001843,optimal,False
cce_1307,Mars_bakim_x2.5,,0.0030887923518004195,0.0,infeasible,True
cce_2361,Mars_bakim_x2.5,0.003088792351800401,0.0030887923518004195,0.999999999999994,optimal,False
cce_1486,Mars_bakim_x2.5,0.0030887923517828337,0.0030887923518004195,0.9999999999943066,optimal,False
cce_3265,Mars_bakim_x2.5,,0.0030887923518004195,0.0,infeasible,True
cce_4455,Mars_bakim_x2.5,0.0030887923518007304,0.0030887923518004195,1.0000000000001006,optimal,False
cce_2970,Mars_bakim_x2.5,0.003088792351799514,0.0030887923518004195,0.9999999999997068,optimal,False
cce_2076,Mars_bakim_x2.5,0.003088792351799514,0.0030887923518004195,0.9999999999997068,optimal,False
cce_0002,Mars_bakim_x2.5,0.003088792351799514,0.0030887923518004195,0.9999999999997068,optimal,False
cce_4687,Mars_bakim_x2.5,0.003088792351799514,0.0030887923518004195,0.9999999999997068,optimal,False
cce_3633,Mars_bakim_x2.5,,0.0030887923518004195,0.0,infeasible,True
cce_4017,Mars_bakim_x2.5,9.108775929770223e-31,0.0030887923518004195,2.9489764582137833e-28,optimal,True
cce_4398,Mars_bakim_x2.5,0.0,0.0030887923518004195,0.0,optimal,True
cce_1689,Mars_bakim_x2.5,0.0030887923518119523,0.0030887923518004195,1.0000000000037337,optimal,False
cce_2115,Mars_bakim_x2.5,0.0030887923518001805,0.0030887923518004195,0.9999999999999226,optimal,False
cce_4329,Mars_bakim_x2.5,0.003066234639812922,0.0030887923518004195,0.9926969153577615,optimal,False
cce_1710,Mars_bakim_x2.5,1.997491974553696e-17,0.0030887923518004195,6.4669027472480695e-15,optimal,True
cce_2124,Mars_bakim_x2.5,0.0,0.0030887923518004195,0.0,optimal,True
cce_4815,Mars_bakim_x2.5,0.0030887923518011506,0.0030887923518004195,1.0000000000002367,optimal,False
cce_4584,Mars_bakim_x2.5,0.0030887923518001805,0.0030887923518004195,0.9999999999999226,optimal,False
cce_0302,Mars_bakim_x2.5,0.0030887923518001805,0.0030887923518004195,0.9999999999999226,optimal,False
cce_2998,Mars_bakim_x2.5,0.0030887923518001805,0.0030887923518004195,0.9999999999999226,optimal,False
cce_2130,Mars_bakim_x2.5,1.8711897380562493e-18,0.0030887923518004195,6.057997835191335e-16,optimal,True
cce_1241,Mars_bakim_x2.5,0.003088792351800261,0.0030887923518004195,0.9999999999999487,optimal,False
cce_4031,Mars_bakim_x2.5,-2.0463870873677273e-17,0.0030887923518004195,-6.625201225245566e-15,optimal,True
cce_0636,Mars_bakim_x2.5,0.003088792351800705,0.0030887923518004195,1.0000000000000924,optimal,False
cce_1401,Mars_bakim_x2.5,-2.169396531564648e-19,0.0030887923518004195,-7.023445685172501e-17,optimal,True
cce_3964,Mars_bakim_x2.5,0.0030887923518007837,0.0030887923518004195,1.000000000000118,optimal,False
cce_3686,Mars_bakim_x2.5,5.623896085859828e-18,0.0030887923518004195,1.8207426868891747e-15,optimal,True
cce_3708,Mars_bakim_x2.5,0.003088714429108899,0.0030887923518004195,0.9999747724409266,optimal,False
cce_1764,Mars_bakim_x2.5,0.0005908725398724364,0.0030887923518004195,0.19129564974739202,optimal,False
cce_0841,Mars_bakim_x2.5,0.003088792351800986,0.0030887923518004195,1.0000000000001834,optimal,False
cce_3702,Mars_bakim_x2.5,0.0030887923518001657,0.0030887923518004195,0.9999999999999178,optimal,False
cce_3290,Mars_bakim_x2.5,-2.422635258143111e-18,0.0030887923518004195,-7.843308912400622e-16,optimal,True
cce_4328,Mars_bakim_x2.5,0.0030887923518007356,0.0030887923518004195,1.0000000000001024,optimal,False
cce_2066,Mars_bakim_x2.5,0.0030887923518001657,0.0030887923518004195,0.9999999999999178,optimal,False
cce_3425,Mars_bakim_x2.5,0.0030887923518001657,0.0030887923518004195,0.9999999999999178,optimal,False
cce_1107,Mars_bakim_x2.5,0.0030887923518001657,0.0030887923518004195,0.9999999999999178,optimal,False
cce_0389,Mars_bakim_x2.5,0.0030887923518001657,0.0030887923518004195,0.9999999999999178,optimal,False
cce_0392,Mars_bakim_x2.5,,0.0030887923518004195,0.0,infeasible,True
cce_4511,Mars_bakim_x2.5,0.0030887923518009685,0.0030887923518004195,1.0000000000001779,optimal,False
cce_3637,Mars_bakim_x2.5,0.0030887923518036296,0.0030887923518004195,1.0000000000010392,optimal,False
cce_0745,Mars_bakim_x2.5,0.0030887923518036296,0.0030887923518004195,1.0000000000010392,optimal,False
cce_3366,Mars_bakim_x2.5,3.8033217376261696e-16,0.0030887923518004195,1.2313296927872992e-13,optimal,True
cce_4650,Mars_bakim_x2.5,0.0030887923518006016,0.0030887923518004195,1.000000000000059,optimal,False
cce_1222,Mars_bakim_x2.5,0.0030887923518036296,0.0030887923518004195,1.0000000000010392,optimal,False
cce_0232,Mars_bakim_x2.5,-7.466142599962238e-17,0.0030887923518004195,-2.4171720690807573e-14,optimal,True
cce_3493,Mars_bakim_x2.5,0.0,0.0030887923518004195,0.0,optimal,True
cce_0804,Mars_bakim_x2.5,,0.0030887923518004195,0.0,infeasible,True
cce_3253,Mars_bakim_x2.5,0.003088792351800771,0.0030887923518004195,1.000000000000114,optimal,False
cce_3394,Mars_bakim_x2.5,,0.0030887923518004195,0.0,infeasible,True
cce_5179,Mars_bakim_x2.5,0.0030887923518009607,0.0030887923518004195,1.0000000000001752,optimal,False
cce_0401,Mars_bakim_x2.5,0.003088792351801928,0.0030887923518004195,1.0000000000004883,optimal,False
cce_2325,Mars_bakim_x2.5,0.003088792351801928,0.0030887923518004195,1.0000000000004883,optimal,False
cce_0654,Mars_bakim_x2.5,0.003088792351801928,0.0030887923518004195,1.0000000000004883,optimal,False
cce_2439,Mars_bakim_x2.5,0.003088792351801928,0.0030887923518004195,1.0000000000004883,optimal,False
cce_1455,Mars_bakim_x2.5,0.003088792351801928,0.0030887923518004195,1.0000000000004883,optimal,False
cce_4354,Mars_bakim_x2.5,2.4381876684010312e-14,0.0030887923518004195,7.893660015636341e-12,optimal,True
cce_3497,Mars_bakim_x2.5,0.003088792351800615,0.0030887923518004195,1.0000000000000633,optimal,False
cce_4140,Mars_bakim_x2.5,-3.9329670437507694e-17,0.0030887923518004195,-1.2733025065470299e-14,optimal,True
cce_0559,Mars_bakim_x2.5,-1.6631706758475232e-15,0.0030887923518004195,-5.384533780259075e-13,optimal,True
cce_3490,Mars_bakim_x2.5,-4.7054668471653646e-17,0.0030887923518004195,-1.523400187268207e-14,optimal,True
cce_4130,Mars_bakim_x2.5,0.0,0.0030887923518004195,0.0,optimal,True
cce_2312,Mars_bakim_x2.5,0.0,0.0030887923518004195,0.0,optimal,True
cce_4376,Mars_bakim_x2.5,0.003088792351800845,0.0030887923518004195,1.0000000000001377,optimal,False
cce_4267,Mars_bakim_x2.5,-2.4936846616325073e-17,0.0030887923518004195,-8.073332155782401e-15,optimal,True
cce_3266,Mars_bakim_x2.5,0.0,0.0030887923518004195,0.0,optimal,True
cce_1635,Mars_bakim_x2.5,0.0030887923518009243,0.0030887923518004195,1.0000000000001634,optimal,False
cce_2615,Mars_bakim_x2.5,-4.399025894429914e-18,0.0030887923518004195,-1.424189583953669e-15,optimal,True
cce_1340,Mars_bakim_x2.5,0.0,0.0030887923518004195,0.0,optimal,True
cce_3826,Mars_bakim_x2.5,0.0030887923518004012,0.0030887923518004195,0.9999999999999941,optimal,False
cce_0805,Mars_bakim_x2.5,0.003088792351802337,0.0030887923518004195,1.0000000000006208,optimal,False
cce_1584,Mars_bakim_x2.5,-1.243948333425222e-17,0.0030887923518004195,-4.027296728768898e-15,optimal,True
cce_4679,Mars_bakim_x2.5,0.0,0.0030887923518004195,0.0,optimal,True
cce_1211,Mars_bakim_x2.5,-1.1301002744905521e-14,0.0030887923518004195,-3.6587123567300675e-12,optimal,True
cce_0666,Mars_bakim_x2.5,0.0030887923517962,0.0030887923518004195,0.999999999998634,optimal,False
cce_2132,Mars_bakim_x2.5,0.0030887923518004017,0.0030887923518004195,0.9999999999999942,optimal,False
cce_2783,Mars_bakim_x2.5,4.676907269007192e-17,0.0030887923518004195,1.5141539916987554e-14,optimal,True
cce_0606,Mars_bakim_x2.5,0.0,0.0030887923518004195,0.0,optimal,True
cce_4595,Mars_bakim_x2.5,0.0030887923518007946,0.0030887923518004195,1.0000000000001215,optimal,False
cce_0571,Mars_bakim_x2.5,0.0030887923518004017,0.0030887923518004195,0.9999999999999942,optimal,False
cce_1273,Mars_bakim_x2.5,-2.668643761552175e-15,0.0030887923518004195,-8.639764210749405e-13,optimal,True
cce_0843,Mars_bakim_x2.5,0.003088792351801061,0.0030887923518004195,1.0000000000002076,optimal,False
cce_4037,Mars_bakim_x2.5,6.586973857934699e-18,0.0030887923518004195,2.1325401994391863e-15,optimal,True
cce_2059,Mars_bakim_x2.5,0.0,0.0030887923518004195,0.0,optimal,True
cce_4861,Mars_bakim_x2.5,0.003088792351800836,0.0030887923518004195,1.0000000000001348,optimal,False
cce_4305,Mars_bakim_x2.5,-3.020420347012956e-17,0.0030887923518004195,-9.77864486504698e-15,optimal,True
cce_3617,Mars_bakim_x2.5,4.5900829518413905e-14,0.0030887923518004195,1.4860445213048677e-11,optimal,True
cce_4417,Mars_bakim_x2.5,0.00308879235180033,0.0030887923518004195,0.999999999999971,optimal,False
cce_4388,Mars_bakim_x2.5,6.20143790532636e-18,0.0030887923518004195,2.0077225009028586e-15,optimal,True
cce_1376,Mars_bakim_x2.5,0.003088792351800832,0.0030887923518004195,1.0000000000001334,optimal,False
cce_0400,Mars_bakim_x2.5,0.0030887923518004017,0.0030887923518004195,0.9999999999999942,optimal,False
cce_1321,Mars_bakim_x2.5,-3.456746620289344e-17,0.0030887923518004195,-1.1191256085163668e-14,optimal,True
cce_4109,Mars_bakim_x2.5,0.0030887923518008076,0.0030887923518004195,1.0000000000001257,optimal,False
cce_3488,Mars_bakim_x2.5,0.0030887923518004017,0.0030887923518004195,0.9999999999999942,optimal,False
cce_2632,Mars_bakim_x2.5,0.0030887923518004017,0.0030887923518004195,0.9999999999999942,optimal,False
cce_4717,Mars_bakim_x2.5,0.0005908725398730734,0.0030887923518004195,0.19129564974759827,optimal,False
cce_1865,Mars_bakim_x2.5,0.003088792351800842,0.0030887923518004195,1.0000000000001368,optimal,False
cce_2467,Mars_bakim_x2.5,0.0030887923518004017,0.0030887923518004195,0.9999999999999942,optimal,False
cce_3026,Mars_bakim_x2.5,0.0030887923518004017,0.0030887923518004195,0.9999999999999942,optimal,False
cce_2775,Mars_bakim_x2.5,0.0030887923518004017,0.0030887923518004195,0.9999999999999942,optimal,False
cce_4877,Mars_bakim_x2.5,0.0030887923518004017,0.0030887923518004195,0.9999999999999942,optimal,False
cce_1604,Mars_bakim_x2.5,0.0030887923518004017,0.0030887923518004195,0.9999999999999942,optimal,False
cce_3828,Mars_bakim_x2.5,0.0030887923518004017,0.0030887923518004195,0.9999999999999942,optimal,False
cce_4723,Mars_bakim_x2.5,0.0030887923518004017,0.0030887923518004195,0.9999999999999942,optimal,False
cce_1383,Mars_bakim_x2.5,,0.0030887923518004195,0.0,infeasible,True
cce_3473,Mars_bakim_x2.5,0.0030887923518008015,0.0030887923518004195,1.0000000000001237,optimal,False
cce_0624,Mars_bakim_x2.5,0.0030887923518095567,0.0030887923518004195,1.000000000002958,optimal,False
cce_2600,Mars_bakim_x2.5,-5.3966384496599177e-14,0.0030887923518004195,-1.7471677714153504e-11,optimal,True
cce_3201,Mars_bakim_x2.5,2.3444843826314717e-17,0.0030887923518004195,7.59029457342738e-15,optimal,True
cce_1190,Mars_bakim_x2.5,0.003088792351800773,0.0030887923518004195,1.0000000000001144,optimal,False
cce_4743,Mars_bakim_x2.5,0.003088792351800885,0.0030887923518004195,1.0000000000001505,optimal,False
cce_0747,Mars_bakim_x2.5,0.003088792351800885,0.0030887923518004195,1.0000000000001505,optimal,False
cce_0902,Mars_bakim_x2.5,2.4534033165884007e-17,0.0030887923518004195,7.942920847878756e-15,optimal,True
cce_2737,Mars_bakim_x2.5,0.003088792351800693,0.0030887923518004195,1.0000000000000886,optimal,False
cce_1977,Mars_bakim_x2.5,0.0019042828836602103,0.0030887923518004195,0.616513726651203,optimal,False
cce_3933,Mars_bakim_x2.5,-2.3998673188350512e-18,0.0030887923518004195,-7.769597452662034e-16,optimal,True
cce_4582,Mars_bakim_x2.5,-6.283104224983407e-30,0.0030887923518004195,-2.034162063798514e-27,optimal,True
cce_1763,Mars_bakim_x2.5,0.0005908725398720175,0.0030887923518004195,0.19129564974725644,optimal,False
cce_4087,Mars_bakim_x2.5,0.0,0.0030887923518004195,0.0,optimal,True
cce_3477,Mars_bakim_x2.5,0.0030887923518007777,0.0030887923518004195,1.000000000000116,optimal,False
cce_1645,Mars_bakim_x2.5,0.003088792351800228,0.0030887923518004195,0.999999999999938,optimal,False
cce_2485,Mars_bakim_x2.5,0.003088792351800228,0.0030887923518004195,0.999999999999938,optimal,False
cce_2927,Mars_bakim_x2.5,5.291487173311729e-16,0.0030887923518004195,1.7131249273611369e-13,optimal,True
cce_4599,Mars_bakim_x2.5,0.0030887923518048833,0.0030887923518004195,1.0000000000014453,optimal,False
cce_5176,Mars_bakim_x2.5,0.003088792351800228,0.0030887923518004195,0.999999999999938,optimal,False
cce_4608,Mars_bakim_x2.5,0.003088792351800228,0.0030887923518004195,0.999999999999938,optimal,False
cce_1970,Mars_bakim_x2.5,0.003088792351800228,0.0030887923518004195,0.999999999999938,optimal,False
cce_2570,Mars_bakim_x2.5,0.003088792351800228,0.0030887923518004195,0.999999999999938,optimal,False
cce_3533,Mars_bakim_x2.5,2.954437961364085e-17,0.0030887923518004195,9.565026148947756e-15,optimal,True
cce_2106,Mars_bakim_x2.5,0.003088792351800938,0.0030887923518004195,1.0000000000001679,optimal,False
cce_2466,Mars_bakim_x2.5,0.003088792351800228,0.0030887923518004195,0.999999999999938,optimal,False
cce_4821,Mars_bakim_x2.5,0.003088792351800228,0.0030887923518004195,0.999999999999938,optimal,False
cce_4658,Mars_bakim_x2.5,2.954437961364085e-17,0.0030887923518004195,9.565026148947756e-15,optimal,True
cce_0887,Mars_bakim_x2.5,0.0030887923518012005,0.0030887923518004195,1.000000000000253,optimal,False
cce_0223,Mars_bakim_x2.5,2.3302211669021765e-17,0.0030887923518004195,7.544117251986586e-15,optimal,True
cce_0342,Mars_bakim_x2.5,0.003088792351801155,0.0030887923518004195,1.000000000000238,optimal,False
cce_0450,Mars_bakim_x2.5,0.003088792351800228,0.0030887923518004195,0.999999999999938,optimal,False
cce_4862,Mars_bakim_x2.5,0.003088792351800228,0.0030887923518004195,0.999999999999938,optimal,False
cce_1531,Mars_bakim_x2.5,0.003088792351800228,0.0030887923518004195,0.999999999999938,optimal,False
cce_1351,Mars_bakim_x2.5,2.954437961364085e-17,0.0030887923518004195,9.565026148947756e-15,optimal,True
cce_0309,Mars_bakim_x2.5,0.0,0.0030887923518004195,0.0,optimal,True
cce_3947,Mars_bakim_x2.5,0.003088792351800446,0.0030887923518004195,1.0000000000000087,optimal,False
cce_4200,Mars_bakim_x2.5,2.3302211669021765e-17,0.0030887923518004195,7.544117251986586e-15,optimal,True
cce_1181,Mars_bakim_x2.5,0.003088792351800421,0.0030887923518004195,1.0000000000000007,optimal,False
cce_0206,Mars_bakim_x2.5,0.003088792351800228,0.0030887923518004195,0.999999999999938,optimal,False
cce_4090,Mars_bakim_x2.5,2.3302211669021765e-17,0.0030887923518004195,7.544117251986586e-15,optimal,True
cce_4325,Mars_bakim_x2.5,,0.0030887923518004195,0.0,infeasible,True
cce_2257,Mars_bakim_x2.5,0.00308879235180125,0.0030887923518004195,1.000000000000269,optimal,False
cce_0735,Mars_bakim_x2.5,0.0030731540013183827,0.0030887923518004195,0.9949370664321538,optimal,False
cce_3414,Mars_bakim_x2.5,0.0030887923517901607,0.0030887923518004195,0.9999999999966788,optimal,False
cce_0623,Mars_bakim_x2.5,0.003088792351796558,0.0030887923518004195,0.9999999999987499,optimal,False
cce_0886,Mars_bakim_x2.5,0.003088792351796558,0.0030887923518004195,0.9999999999987499,optimal,False
cce_4356,Mars_bakim_x2.5,0.003088792351796558,0.0030887923518004195,0.9999999999987499,optimal,False
cce_4752,Mars_bakim_x2.5,0.003088792351796558,0.0030887923518004195,0.9999999999987499,optimal,False
cce_4735,Mars_bakim_x2.5,0.003088792351796558,0.0030887923518004195,0.9999999999987499,optimal,False
cce_4634,Mars_bakim_x2.5,0.003088792351796558,0.0030887923518004195,0.9999999999987499,optimal,False
cce_0133,Mars_bakim_x2.5,0.003088792351796558,0.0030887923518004195,0.9999999999987499,optimal,False
cce_4750,Mars_bakim_x2.5,0.003088792351796558,0.0030887923518004195,0.9999999999987499,optimal,False
cce_0659,Mars_bakim_x2.5,,0.0030887923518004195,0.0,infeasible,True
cce_0660,Mars_bakim_x2.5,0.003088792351800816,0.0030887923518004195,1.0000000000001283,optimal,False
cce_3096,Mars_bakim_x2.5,0.0030749638409942174,0.0030887923518004195,0.9955230040639859,optimal,False
cce_4627,Mars_bakim_x2.5,0.003088792351806194,0.0030887923518004195,1.0000000000018694,optimal,False
cce_4382,Mars_bakim_x2.5,0.003088792351807887,0.0030887923518004195,1.0000000000024176,optimal,False
cce_2121,Mars_bakim_x2.5,-1.2266996618757091e-16,0.0030887923518004195,-3.971453960512046e-14,optimal,True
cce_4008,Mars_bakim_x2.5,0.0030887923518008453,0.0030887923518004195,1.000000000000138,optimal,False
cce_3176,Mars_bakim_x2.5,0.003088792351807887,0.0030887923518004195,1.0000000000024176,optimal,False
cce_0426,Mars_bakim_x2.5,1.998301060017695e-13,0.0030887923518004195,6.469522170543156e-11,optimal,True
cce_1829,Mars_bakim_x2.5,0.003088792351801579,0.0030887923518004195,1.0000000000003755,optimal,False
cce_0578,Mars_bakim_x2.5,0.003088792351807887,0.0030887923518004195,1.0000000000024176,optimal,False
cce_3232,Mars_bakim_x2.5,0.003088792351807887,0.0030887923518004195,1.0000000000024176,optimal,False
cce_1174,Mars_bakim_x2.5,6.226368875347092e-17,0.0030887923518004195,2.015793930504204e-14,optimal,True
cce_4440,Mars_bakim_x2.5,0.0030887923518009533,0.0030887923518004195,1.0000000000001728,optimal,False
cce_4545,Mars_bakim_x2.5,-2.071253196161024e-16,0.0030887923518004195,-6.705705532305258e-14,optimal,True
cce_1484,Mars_bakim_x2.5,0.0030887923518008176,0.0030887923518004195,1.0000000000001288,optimal,False
cce_0882,Mars_bakim_x2.5,0.003088792351807887,0.0030887923518004195,1.0000000000024176,optimal,False
cce_4693,Mars_bakim_x2.5,5.0610635601483706e-17,0.0030887923518004195,1.6385250232824288e-14,optimal,True
cce_0884,Mars_bakim_x2.5,0.00308879235180135,0.0030887923518004195,1.0000000000003013,optimal,False
cce_1837,Mars_bakim_x2.5,,0.0030887923518004195,0.0,infeasible,True
cce_0199,Mars_bakim_x2.5,-4.092996372785725e-35,0.0030887923518004195,-1.3251121819179483e-32,optimal,True
cce_1618,Mars_bakim_x2.5,0.0030887923518009737,0.0030887923518004195,1.0000000000001794,optimal,False
cce_1830,Mars_bakim_x2.5,0.003088792351797959,0.0030887923518004195,0.9999999999992035,optimal,False
cce_5190,Mars_bakim_x2.5,0.003088792351797959,0.0030887923518004195,0.9999999999992035,optimal,False
cce_1603,Mars_bakim_x2.5,0.003088792351797959,0.0030887923518004195,0.9999999999992035,optimal,False
cce_3196,Mars_bakim_x2.5,0.003088792351797959,0.0030887923518004195,0.9999999999992035,optimal,False
cce_4032,Mars_bakim_x2.5,1.3810586452497865e-17,0.0030887923518004195,4.4711929063304765e-15,optimal,True
cce_4852,Mars_bakim_x2.5,0.003088792351800088,0.0030887923518004195,0.9999999999998928,optimal,False
cce_3510,Mars_bakim_x2.5,0.003088792351797959,0.0030887923518004195,0.9999999999992035,optimal,False
cce_3237,Mars_bakim_x2.5,2.191436508442221e-17,0.0030887923518004195,7.094800358349953e-15,optimal,True
cce_3553,Mars_bakim_x2.5,0.0030887923518003618,0.0030887923518004195,0.9999999999999813,optimal,False
cce_0030,Mars_bakim_x2.5,0.003088792351797959,0.0030887923518004195,0.9999999999992035,optimal,False
cce_3879,Mars_bakim_x2.5,0.003088792351797959,0.0030887923518004195,0.9999999999992035,optimal,False
cce_1900,Mars_bakim_x2.5,8.399209876322587e-18,0.0030887923518004195,2.719253649869597e-15,optimal,True
cce_3021,Mars_bakim_x2.5,2.584004294614701e-16,0.0030887923518004195,8.365742984012882e-14,optimal,True
cce_1619,Mars_bakim_x2.5,0.003088792351801766,0.0030887923518004195,1.0000000000004359,optimal,False
cce_0440,Mars_bakim_x2.5,0.003088792351797959,0.0030887923518004195,0.9999999999992035,optimal,False
cce_3324,Mars_bakim_x2.5,0.003088792351797959,0.0030887923518004195,0.9999999999992035,optimal,False
cce_2967,Mars_bakim_x2.5,0.003088792351797959,0.0030887923518004195,0.9999999999992035,optimal,False
cce_2282,Mars_bakim_x2.5,1.5143501248033825e-17,0.0030887923518004195,4.902725571437932e-15,optimal,True
cce_3662,Mars_bakim_x2.5,0.0030887923518015756,0.0030887923518004195,1.0000000000003744,optimal,False
cce_1828,Mars_bakim_x2.5,0.003088792351797959,0.0030887923518004195,0.9999999999992035,optimal,False
cce_3591,Mars_bakim_x2.5,0.003088792351797959,0.0030887923518004195,0.9999999999992035,optimal,False
cce_4053,Mars_bakim_x2.5,0.003088792351797959,0.0030887923518004195,0.9999999999992035,optimal,False
cce_2871,Mars_bakim_x2.5,0.003088714429105705,0.0030887923518004195,0.9999747724398926,optimal,False
cce_3091,Mars_bakim_x2.5,0.0030887923518018038,0.0030887923518004195,1.000000000000448,optimal,False
cce_3396,Mars_bakim_x2.5,0.003088792351797959,0.0030887923518004195,0.9999999999992035,optimal,False
cce_2961,Mars_bakim_x2.5,0.003088792351797959,0.0030887923518004195,0.9999999999992035,optimal,False
cce_0549,Mars_bakim_x2.5,0.003088792351797959,0.0030887923518004195,0.9999999999992035,optimal,False
cce_1569,Mars_bakim_x2.5,-1.7291443319659803e-17,0.0030887923518004195,-5.598124234405343e-15,optimal,True
cce_2713,Mars_bakim_x2.5,0.0030887923518006697,0.0030887923518004195,1.000000000000081,optimal,False
cce_2962,Mars_bakim_x2.5,0.003088792351797959,0.0030887923518004195,0.9999999999992035,optimal,False
cce_0509,Mars_bakim_x2.5,0.003088792351797959,0.0030887923518004195,0.9999999999992035,optimal,False
cce_1223,Mars_bakim_x2.5,0.003088792351797959,0.0030887923518004195,0.9999999999992035,optimal,False
cce_2391,Mars_bakim_x2.5,0.003088792351797959,0.0030887923518004195,0.9999999999992035,optimal,False
cce_2315,Mars_bakim_x2.5,0.0030887923517979657,0.0030887923518004195,0.9999999999992056,optimal,False
cce_3292,Mars_bakim_x2.5,-7.28594855717774e-18,0.0030887923518004195,-2.358834044940201e-15,optimal,True
cce_1317,Mars_bakim_x2.5,0.0,0.0030887923518004195,0.0,optimal,True
cce_5189,Mars_bakim_x2.5,0.0030887923518009563,0.0030887923518004195,1.0000000000001739,optimal,False
cce_4647,Mars_bakim_x2.5,0.003088792351800184,0.0030887923518004195,0.9999999999999237,optimal,False
cce_3280,Mars_bakim_x2.5,-5.464964110982819e-18,0.0030887923518004195,-1.7692882811618457e-15,optimal,True
cce_2759,Mars_bakim_x2.5,0.003088792351801335,0.0030887923518004195,1.0000000000002964,optimal,False
cce_3827,Mars_bakim_x2.5,0.003088792351800184,0.0030887923518004195,0.9999999999999237,optimal,False
cce_2955,Mars_bakim_x2.5,,0.0030887923518004195,0.0,infeasible,True
cce_0619,Mars_bakim_x2.5,0.003088792351801119,0.0030887923518004195,1.0000000000002265,optimal,False
cce_3969,Mars_bakim_x2.5,0.0030887923518017934,0.0030887923518004195,1.0000000000004448,optimal,False
cce_0557,Mars_bakim_x2.5,0.0030887923518017934,0.0030887923518004195,1.0000000000004448,optimal,False
cce_1690,Mars_bakim_x2.5,0.0030887923518017934,0.0030887923518004195,1.0000000000004448,optimal,False
cce_0404,Mars_bakim_x2.5,0.0030887923518017934,0.0030887923518004195,1.0000000000004448,optimal,False
cce_1744,Mars_bakim_x2.5,0.0030887923518017934,0.0030887923518004195,1.0000000000004448,optimal,False
cce_3593,Mars_bakim_x2.5,0.0030887923518017934,0.0030887923518004195,1.0000000000004448,optimal,False
cce_0957,Mars_bakim_x2.5,-2.720406821281751e-17,0.0030887923518004195,-8.807347699161645e-15,optimal,True
cce_3122,Mars_bakim_x2.5,0.003088792351801228,0.0030887923518004195,1.0000000000002618,optimal,False
cce_0835,Mars_bakim_x2.5,-1.3691506244979782e-17,0.0030887923518004195,-4.4326405551344914e-15,optimal,True
cce_1473,Mars_bakim_x2.5,0.003088792351801022,0.0030887923518004195,1.000000000000195,optimal,False
fig_43989_3_peg_2191,Mars_bakim_x2.5,0.0030887923518017934,0.0030887923518004195,1.0000000000004448,optimal,False
cce_3275,Mars_bakim_x2.5,1.7861438472355276e-17,0.0030887923518004195,5.7826608065589326e-15,optimal,True
cce_1895,Mars_bakim_x2.5,0.003088792351800644,0.0030887923518004195,1.0000000000000728,optimal,False
cce_2224,Mars_bakim_x2.5,0.0005908725398720886,0.0030887923518004195,0.19129564974727947,optimal,False
cce_1774,Mars_bakim_x2.5,0.003088792351800925,0.0030887923518004195,1.0000000000001636,optimal,False
cce_4052,Mars_bakim_x2.5,0.0030887923518012035,0.0030887923518004195,1.0000000000002538,optimal,False
cce_3186,Mars_bakim_x2.5,1.290564467382879e-17,0.0030887923518004195,4.1782169870714186e-15,optimal,True
cce_4221,Mars_bakim_x2.5,2.4725272462283542e-14,0.0030887923518004195,8.00483478530743e-12,optimal,True
cce_4003,Mars_bakim_x2.5,7.966295040951272e-17,0.0030887923518004195,2.5790969847189033e-14,optimal,True
cce_4021,Mars_bakim_x2.5,0.0,0.0030887923518004195,0.0,optimal,True
cce_3483,Mars_bakim_x2.5,0.003088792351800329,0.0030887923518004195,0.9999999999999707,optimal,False
cce_3372,Mars_bakim_x2.5,-1.865041193182052e-17,0.0030887923518004195,-6.0380918519658405e-15,optimal,True
cce_5234,Mars_bakim_x2.5,0.003088792351801223,0.0030887923518004195,1.0000000000002602,optimal,False
cce_4027,Mars_bakim_x2.5,1.633013872405589e-18,0.0030887923518004195,5.286900789733324e-16,optimal,True
cce_4378,Mars_bakim_x2.5,0.0,0.0030887923518004195,0.0,optimal,True
cce_4866,Mars_bakim_x2.5,0.003088792351800762,0.0030887923518004195,1.000000000000111,optimal,False
cce_3751,Mars_bakim_x2.5,-4.11941175905098e-17,0.0030887923518004195,-1.3336641929490096e-14,optimal,True
cce_3951,Mars_bakim_x2.5,0.003053767487131691,0.0030887923518004195,0.9886606606467694,optimal,False
cce_1331,Mars_bakim_x2.5,0.0030887923518026876,0.0030887923518004195,1.0000000000007343,optimal,False
cce_4024,Mars_bakim_x2.5,2.536399706917526e-18,0.0030887923518004195,8.211622595604685e-16,optimal,True
cce_2295,Mars_bakim_x2.5,0.0030887923518004698,0.0030887923518004195,1.0000000000000162,optimal,False
cce_0669,Mars_bakim_x2.5,0.0030887923518017326,0.0030887923518004195,1.0000000000004252,optimal,False
cce_4518,Mars_bakim_x2.5,,0.0030887923518004195,0.0,infeasible,True
cce_4151,Mars_bakim_x2.5,0.0030887923518008284,0.0030887923518004195,1.0000000000001323,optimal,False
cce_3838,Mars_bakim_x2.5,0.003088792351797959,0.0030887923518004195,0.9999999999992035,optimal,False
cce_2896,Mars_bakim_x2.5,0.003088792351797959,0.0030887923518004195,0.9999999999992035,optimal,False
cce_1063,Mars_bakim_x2.5,0.003088792351797959,0.0030887923518004195,0.9999999999992035,optimal,False
cce_1781,Mars_bakim_x2.5,4.941542048579511e-17,0.0030887923518004195,1.5998297994033645e-14,optimal,True
cce_0476,Mars_bakim_x2.5,-5.802649545305179e-31,0.0030887923518004195,-1.8786143205524597e-28,optimal,True
cce_4237,Mars_bakim_x2.5,0.0,0.0030887923518004195,0.0,optimal,True
cce_3420,Mars_bakim_x2.5,0.00308879235180066,0.0030887923518004195,1.000000000000078,optimal,False
cce_2884,Mars_bakim_x2.5,0.003088792351797959,0.0030887923518004195,0.9999999999992035,optimal,False
cce_2108,Mars_bakim_x2.5,0.003088792351797959,0.0030887923518004195,0.9999999999992035,optimal,False
cce_1078,Mars_bakim_x2.5,-1.910236417310269e-17,0.0030887923518004195,-6.184411898704733e-15,optimal,True
cce_0396,Mars_bakim_x2.5,8.701325387229798e-15,0.0030887923518004195,2.8170638865244216e-12,optimal,True
cce_4404,Mars_bakim_x2.5,0.0030887923517986704,0.0030887923518004195,0.9999999999994338,optimal,False
cce_2380,Mars_bakim_x2.5,-6.622040003101964e-14,0.0030887923518004195,-2.1438929034002747e-11,optimal,True
cce_1688,Mars_bakim_x2.5,0.003088792351800074,0.0030887923518004195,0.9999999999998881,optimal,False
cce_1760,Mars_bakim_x2.5,0.003088792351797959,0.0030887923518004195,0.9999999999992035,optimal,False
cce_1730,Mars_bakim_x2.5,0.003088792351797959,0.0030887923518004195,0.9999999999992035,optimal,False
cce_0279,Mars_bakim_x2.5,0.003088792351797959,0.0030887923518004195,0.9999999999992035,optimal,False
cce_1004,Mars_bakim_x2.5,0.003088792351797959,0.0030887923518004195,0.9999999999992035,optimal,False
cce_0248,Mars_bakim_x2.5,0.003088792351797959,0.0030887923518004195,0.9999999999992035,optimal,False
cce_2609,Mars_bakim_x2.5,0.003073154001320051,0.0030887923518004195,0.994937066432694,optimal,False
cce_4219,Mars_bakim_x2.5,2.4792142147080334e-15,0.0030887923518004195,8.026483921015052e-13,optimal,True
cce_0219,Mars_bakim_x2.5,-5.5004109499585535e-31,0.0030887923518004195,-1.7807642351718564e-28,optimal,True
cce_4406,Mars_bakim_x2.5,0.0030887923518007586,0.0030887923518004195,1.0000000000001097,optimal,False
cce_2946,Mars_bakim_x2.5,0.003088792351797959,0.0030887923518004195,0.9999999999992035,optimal,False
cce_1700,Mars_bakim_x2.5,0.003088792351797959,0.0030887923518004195,0.9999999999992035,optimal,False
cce_3411,Mars_bakim_x2.5,0.003088792351797959,0.0030887923518004195,0.9999999999992035,optimal,False
cce_3260,Mars_bakim_x2.5,7.946220338935678e-18,0.0030887923518004195,2.5725977773494298e-15,optimal,True
cce_4152,Mars_bakim_x2.5,0.0,0.0030887923518004195,0.0,optimal,True
cce_2226,Mars_bakim_x2.5,0.0030887923518006506,0.0030887923518004195,1.0000000000000748,optimal,False
cce_0753,Mars_bakim_x2.5,0.003088792351797959,0.0030887923518004195,0.9999999999992035,optimal,False
cce_1357,Mars_bakim_x2.5,0.003088792351797959,0.0030887923518004195,0.9999999999992035,optimal,False
cce_0995,Mars_bakim_x2.5,-5.220620916729332e-15,0.0030887923518004195,-1.6901818970402123e-12,optimal,True
cce_2454,Mars_bakim_x2.5,0.003088792351799824,0.0030887923518004195,0.9999999999998073,optimal,False
cce_1583,Mars_bakim_x2.5,0.003088792351797959,0.0030887923518004195,0.9999999999992035,optimal,False
cce_4460,Mars_bakim_x2.5,-1.7291443319659803e-17,0.0030887923518004195,-5.598124234405343e-15,optimal,True
cce_2082,Mars_bakim_x2.5,0.0,0.0030887923518004195,0.0,optimal,True
cce_3164,Mars_bakim_x2.5,-8.30685754573895e-16,0.0030887923518004195,-2.6893544789104983e-13,optimal,True
cce_4160,Mars_bakim_x2.5,0.0030887923518003197,0.0030887923518004195,0.9999999999999677,optimal,False
cce_0064,Mars_bakim_x2.5,3.7236810609598086e-17,0.0030887923518004195,1.2055459340895221e-14,optimal,True
cce_4025,Mars_bakim_x2.5,0.0,0.0030887923518004195,0.0,optimal,True
cce_2468,Mars_bakim_x2.5,0.003088792351800266,0.0030887923518004195,0.9999999999999503,optimal,False
cce_4620,Mars_bakim_x2.5,0.003088792351797959,0.0030887923518004195,0.9999999999992035,optimal,False
cce_4831,Mars_bakim_x2.5,0.003088792351797959,0.0030887923518004195,0.9999999999992035,optimal,False
cce_2975,Mars_bakim_x2.5,-8.281685612961641e-18,0.0030887923518004195,-2.6812050373455333e-15,optimal,True
cce_4228,Mars_bakim_x2.5,0.00308879235180036,0.0030887923518004195,0.9999999999999808,optimal,False
cce_1693,Mars_bakim_x2.5,0.003088792351797959,0.0030887923518004195,0.9999999999992035,optimal,False
cce_0846,Mars_bakim_x2.5,0.003088792351797959,0.0030887923518004195,0.9999999999992035,optimal,False
cce_3178,Mars_bakim_x2.5,1.7860919824302908e-17,0.0030887923518004195,5.7824928936682956e-15,optimal,True
cce_4412,Mars_bakim_x2.5,0.00308879235180036,0.0030887923518004195,0.9999999999999808,optimal,False
cce_3415,Mars_bakim_x2.5,0.003088792351797959,0.0030887923518004195,0.9999999999992035,optimal,False
cce_0883,Mars_bakim_x2.5,0.003088792351797959,0.0030887923518004195,0.9999999999992035,optimal,False
cce_0103,Mars_bakim_x2.5,-3.86469205701675e-15,0.0030887923518004195,-1.251198402755714e-12,optimal,True
cce_0998,Mars_bakim_x2.5,-5.804748041770646e-19,0.0030887923518004195,-1.8792937111447874e-16,optimal,True
cce_2075,Mars_bakim_x2.5,0.0030887923518012426,0.0030887923518004195,1.0000000000002665,optimal,False
cce_3285,Mars_bakim_x2.5,0.003088792351797959,0.0030887923518004195,0.9999999999992035,optimal,False
cce_1758,Mars_bakim_x2.5,2.191436508442221e-17,0.0030887923518004195,7.094800358349953e-15,optimal,True
cce_3103,Mars_bakim_x2.5,0.0,0.0030887923518004195,0.0,optimal,True
cce_0144,Mars_bakim_x2.5,0.0030887923518005144,0.0030887923518004195,1.0000000000000306,optimal,False
cce_1507,Mars_bakim_x2.5,,0.0030887923518004195,0.0,infeasible,True
cce_3916,Mars_bakim_x2.5,0.003088792351800857,0.0030887923518004195,1.0000000000001417,optimal,False
cce_1311,Mars_bakim_x2.5,0.003088792351803594,0.0030887923518004195,1.0000000000010278,optimal,False
cce_4432,Mars_bakim_x2.5,2.4320395512048634e-14,0.0030887923518004195,7.873755417023281e-12,optimal,True
cce_0818,Mars_bakim_x2.5,0.003088792351801633,0.0030887923518004195,1.0000000000003928,optimal,False
cce_0293,Mars_bakim_x2.5,-9.61280455035779e-18,0.0030887923518004195,-3.112156291359179e-15,optimal,True
cce_1003,Mars_bakim_x2.5,0.003088792351800624,0.0030887923518004195,1.0000000000000662,optimal,False
cce_1620,Mars_bakim_x2.5,0.003088792351797716,0.0030887923518004195,0.9999999999991247,optimal,False
cce_4020,Mars_bakim_x2.5,3.845121820093898e-17,0.0030887923518004195,1.2448625165277372e-14,optimal,True
cce_3612,Mars_bakim_x2.5,0.0030887923518002607,0.0030887923518004195,0.9999999999999486,optimal,False
cce_0231,Mars_bakim_x2.5,0.003088792351797716,0.0030887923518004195,0.9999999999991247,optimal,False
cce_2966,Mars_bakim_x2.5,7.146642903088707e-29,0.0030887923518004195,2.313733682655299e-26,optimal,True
cce_0940,Mars_bakim_x2.5,0.0,0.0030887923518004195,0.0,optimal,True
cce_2378,Mars_bakim_x2.5,0.003088792351800869,0.0030887923518004195,1.0000000000001457,optimal,False
cce_3100,Mars_bakim_x2.5,0.003088792351797716,0.0030887923518004195,0.9999999999991247,optimal,False
cce_0136,Mars_bakim_x2.5,3.845121820093898e-17,0.0030887923518004195,1.2448625165277372e-14,optimal,True
cce_3755,Mars_bakim_x2.5,0.0030887923518002607,0.0030887923518004195,0.9999999999999486,optimal,False
cce_4118,Mars_bakim_x2.5,2.8838413650722064e-17,0.0030887923518004195,9.336468873963801e-15,optimal,True
cce_0949,Mars_bakim_x2.5,0.003088792351800857,0.0030887923518004195,1.0000000000001417,optimal,False
cce_3359,Mars_bakim_x2.5,0.003088792351802687,0.0030887923518004195,1.000000000000734,optimal,False
cce_0043,Mars_bakim_x2.5,0.003088792351802687,0.0030887923518004195,1.000000000000734,optimal,False
cce_3534,Mars_bakim_x2.5,1.5093555427310955e-17,0.0030887923518004195,4.886555555770236e-15,optimal,True
cce_1266,Mars_bakim_x2.5,0.003088792351800972,0.0030887923518004195,1.000000000000179,optimal,False
cce_2482,Mars_bakim_x2.5,0.003088792351802687,0.0030887923518004195,1.000000000000734,optimal,False
cce_0802,Mars_bakim_x2.5,0.003088792351802687,0.0030887923518004195,1.000000000000734,optimal,False
cce_0705,Mars_bakim_x2.5,2.012683057443508e-17,0.0030887923518004195,6.516084049063187e-15,optimal,True
cce_1489,Mars_bakim_x2.5,0.003088792351801337,0.0030887923518004195,1.000000000000297,optimal,False
cce_4185,Mars_bakim_x2.5,0.003088792351802687,0.0030887923518004195,1.000000000000734,optimal,False
cce_2949,Mars_bakim_x2.5,0.003088792351802687,0.0030887923518004195,1.000000000000734,optimal,False
cce_2134,Mars_bakim_x2.5,0.003040861371882384,0.0030887923518004195,0.9844822913103572,optimal,False
cce_2992,Mars_bakim_x2.5,0.0,0.0030887923518004195,0.0,optimal,True
cce_0603,Mars_bakim_x2.5,0.0030887923518008436,0.0030887923518004195,1.0000000000001372,optimal,False
cce_3180,Mars_bakim_x2.5,3.501246477576553e-17,0.0030887923518004195,1.1335324873929188e-14,optimal,True
cce_3300,Mars_bakim_x2.5,0.003088792351800776,0.0030887923518004195,1.0000000000001155,optimal,False
cce_0077,Mars_bakim_x2.5,8.688372332653486e-18,0.0030887923518004195,2.8128703205280665e-15,optimal,True
cce_3229,Mars_bakim_x2.5,0.0,0.0030887923518004195,0.0,optimal,True
cce_2731,Mars_bakim_x2.5,0.003088792351800546,0.0030887923518004195,1.000000000000041,optimal,False
cce_2316,Mars_bakim_x2.5,0.003088792351802713,0.0030887923518004195,1.0000000000007425,optimal,False
cce_3892,Mars_bakim_x2.5,0.0030887923518015613,0.0030887923518004195,1.0000000000003697,optimal,False
cce_4038,Mars_bakim_x2.5,-1.712561874780392e-18,0.0030887923518004195,-5.544438342649225e-16,optimal,True
cce_3000,Mars_bakim_x2.5,0.0030887923518005383,0.0030887923518004195,1.0000000000000384,optimal,False
cce_3146,Mars_bakim_x2.5,-2.5446203912135068e-17,0.0030887923518004195,-8.23823715352791e-15,optimal,True
cce_1318,Mars_bakim_x2.5,0.0,0.0030887923518004195,0.0,optimal,True
cce_0314,Mars_bakim_x2.5,0.0,0.0030887923518004195,0.0,optimal,True
cce_4666,Mars_bakim_x2.5,0.0,0.0030887923518004195,0.0,optimal,True
cce_1214,Mars_bakim_x2.5,0.003088792351801419,0.0030887923518004195,1.0000000000003237,optimal,False
cce_4481,Mars_bakim_x2.5,0.0030887923518015613,0.0030887923518004195,1.0000000000003697,optimal,False
cce_4621,Mars_bakim_x2.5,0.0030887923518015613,0.0030887923518004195,1.0000000000003697,optimal,False
cce_0553,Mars_bakim_x2.5,0.0030887923518015613,0.0030887923518004195,1.0000000000003697,optimal,False
cce_0999,Mars_bakim_x2.5,0.0030887923518015613,0.0030887923518004195,1.0000000000003697,optimal,False
cce_3740,Mars_bakim_x2.5,-3.414496310399091e-17,0.0030887923518004195,-1.1054470231412035e-14,optimal,True
cce_2551,Mars_bakim_x2.5,0.0030887923518008054,0.0030887923518004195,1.000000000000125,optimal,False
cce_0575,Mars_bakim_x2.5,0.0030887923518015613,0.0030887923518004195,1.0000000000003697,optimal,False
cce_4577,Mars_bakim_x2.5,0.0030887923518015613,0.0030887923518004195,1.0000000000003697,optimal,False
cce_2591,Mars_bakim_x2.5,0.0030887923518015613,0.0030887923518004195,1.0000000000003697,optimal,False
cce_4420,Mars_bakim_x2.5,-8.503706211330341e-18,0.0030887923518004195,-2.7530844559277787e-15,optimal,True
cce_0044,Mars_bakim_x2.5,0.003088792351800055,0.0030887923518004195,0.9999999999998821,optimal,False
cce_1903,Mars_bakim_x2.5,0.0030887923518015613,0.0030887923518004195,1.0000000000003697,optimal,False
cce_3410,Mars_bakim_x2.5,0.0030887923518015613,0.0030887923518004195,1.0000000000003697,optimal,False
cce_2758,Mars_bakim_x2.5,5.332255623172267e-18,0.0030887923518004195,1.7263237588840053e-15,optimal,True
cce_0502,Mars_bakim_x2.5,0.0030887923518015032,0.0030887923518004195,1.0000000000003508,optimal,False
cce_RNA047,Mars_bakim_x2.5,-1.7125618747832296e-18,0.0030887923518004195,-5.544438342658412e-16,optimal,True
cce_3501,Mars_bakim_x2.5,0.0030887923518005383,0.0030887923518004195,1.0000000000000384,optimal,False
cce_1164,Mars_bakim_x2.5,0.0030887923518015613,0.0030887923518004195,1.0000000000003697,optimal,False
cce_1503,Mars_bakim_x2.5,0.0030887923518015613,0.0030887923518004195,1.0000000000003697,optimal,False
cce_0994,Mars_bakim_x2.5,0.0005399498978307109,0.0030887923518004195,0.17480938707840968,optimal,False
cce_0320,Mars_bakim_x2.5,4.055071107179585e-19,0.0030887923518004195,1.3128338344971405e-16,optimal,True
cce_4521,Mars_bakim_x2.5,0.00308879235180078,0.0030887923518004195,1.0000000000001166,optimal,False
cce_1822,Mars_bakim_x2.5,-1.9189070349800297e-17,0.0030887923518004195,-6.2124831209890886e-15,optimal,True
cce_1341,Mars_bakim_x2.5,,0.0030887923518004195,0.0,infeasible,True
cce_4757,Mars_bakim_x2.5,0.003088792351800734,0.0030887923518004195,1.0000000000001017,optimal,False
cce_1289,Mars_bakim_x2.5,,0.0030887923518004195,0.0,infeasible,True
cce_0226,Mars_bakim_x2.5,7.599664890084865e-32,0.0030887923518004195,2.4604000607729792e-29,optimal,True
cce_5184,Mars_bakim_x2.5,0.0030887923518007963,0.0030887923518004195,1.000000000000122,optimal,False
cce_0987,Mars_bakim_x2.5,0.003088792351801968,0.0030887923518004195,1.0000000000005014,optimal,False
cce_4814,Mars_bakim_x2.5,0.003088792351801968,0.0030887923518004195,1.0000000000005014,optimal,False
cce_4654,Mars_bakim_x2.5,9.393792627896248e-18,0.0030887923518004195,3.0412509349878185e-15,optimal,True
cce_2592,Mars_bakim_x2.5,0.0030887923518009923,0.0030887923518004195,1.0000000000001854,optimal,False
cce_3883,Mars_bakim_x2.5,0.003088792351801968,0.0030887923518004195,1.0000000000005014,optimal,False
cce_0241,Mars_bakim_x2.5,0.003088792351801968,0.0030887923518004195,1.0000000000005014,optimal,False
cce_5178,Mars_bakim_x2.5,0.003088792351801968,0.0030887923518004195,1.0000000000005014,optimal,False
cce_0304,Mars_bakim_x2.5,0.003088792351801968,0.0030887923518004195,1.0000000000005014,optimal,False
cce_RNA052,Mars_bakim_x2.5,-8.053784566412782e-18,0.0030887923518004195,-2.607421817047148e-15,optimal,True
cce_2981,Mars_bakim_x2.5,0.0030887923518010687,0.0030887923518004195,1.0000000000002103,optimal,False
cce_2221,Mars_bakim_x2.5,0.0005908725398717812,0.0030887923518004195,0.1912956497471799,optimal,False
cce_0081,Mars_bakim_x2.5,-5.42700124037099e-20,0.0030887923518004195,-1.7569977590781255e-17,optimal,True
cce_3935,Mars_bakim_x2.5,0.0030887923518007933,0.0030887923518004195,1.000000000000121,optimal,False
cce_3462,Mars_bakim_x2.5,-1.2040600945376544e-16,0.0030887923518004195,-3.898158106471037e-14,optimal,True
cce_2248,Mars_bakim_x2.5,0.003088792351800831,0.0030887923518004195,1.0000000000001332,optimal,False
cce_3252,Mars_bakim_x2.5,0.003088792351813726,0.0030887923518004195,1.000000000004308,optimal,False
fig_43989_3_peg_2190,Mars_bakim_x2.5,0.003088792351813726,0.0030887923518004195,1.000000000004308,optimal,False
cce_4600,Mars_bakim_x2.5,0.003088792351813726,0.0030887923518004195,1.000000000004308,optimal,False
cce_2319,Mars_bakim_x2.5,0.0005908725398869424,0.0030887923518004195,0.1912956497520884,optimal,False
cce_0508,Mars_bakim_x2.5,0.003088792351801224,0.0030887923518004195,1.0000000000002605,optimal,False
cce_2657,Mars_bakim_x2.5,0.003088792351800907,0.0030887923518004195,1.0000000000001579,optimal,False
cce_0885,Mars_bakim_x2.5,0.003088792351800907,0.0030887923518004195,1.0000000000001579,optimal,False
cce_3118,Mars_bakim_x2.5,0.003088792351800907,0.0030887923518004195,1.0000000000001579,optimal,False
cce_3830,Mars_bakim_x2.5,0.003088792351800907,0.0030887923518004195,1.0000000000001579,optimal,False
cce_2237,Mars_bakim_x2.5,3.2702363188209397e-17,0.0030887923518004195,1.058742688518624e-14,optimal,True
cce_3016,Mars_bakim_x2.5,0.0030887923518008852,0.0030887923518004195,1.0000000000001508,optimal,False
cce_2156,Mars_bakim_x2.5,0.003088792351800907,0.0030887923518004195,1.0000000000001579,optimal,False
cce_1359,Mars_bakim_x2.5,0.003088792351800907,0.0030887923518004195,1.0000000000001579,optimal,False
cce_0997,Mars_bakim_x2.5,0.003074144139871628,0.0030887923518004195,0.9952576249030619,optimal,False
cce_0123,Mars_bakim_x2.5,0.0030887923518004173,0.0030887923518004195,0.9999999999999993,optimal,False
cce_0604,Mars_bakim_x2.5,0.003088792351799827,0.0030887923518004195,0.9999999999998082,optimal,False
cce_3202,Mars_bakim_x2.5,-2.812474710090879e-18,0.0030887923518004195,-9.105418525306572e-16,optimal,True
cce_1345,Mars_bakim_x2.5,0.003088792351801253,0.0030887923518004195,1.0000000000002698,optimal,False
cce_3766,Mars_bakim_x2.5,0.003088792351799827,0.0030887923518004195,0.9999999999998082,optimal,False
cce_1032,Mars_bakim_x2.5,-7.91180234504245e-18,0.0030887923518004195,-2.5614549130927356e-15,optimal,True
cce_0989,Mars_bakim_x2.5,,0.0030887923518004195,0.0,infeasible,True
cce_4409,Mars_bakim_x2.5,0.0030887923518005374,0.0030887923518004195,1.0000000000000382,optimal,False
cce_3392,Mars_bakim_x2.5,2.4176200883042493e-17,0.0030887923518004195,7.827072243606948e-15,optimal,True
cce_2223,Mars_bakim_x2.5,0.0005908725398726046,0.0030887923518004195,0.1912956497474465,optimal,False
cce_1240,Mars_bakim_x2.5,0.0030887923517993942,0.0030887923518004195,0.999999999999668,optimal,False
cce_4304,Mars_bakim_x2.5,0.003088079965356163,0.0030887923518004195,0.9997693640869575,optimal,False
cce_2883,Mars_bakim_x2.5,-2.3217679760637093e-14,0.0030887923518004195,-7.51674995151545e-12,optimal,True
cce_2236,Mars_bakim_x2.5,0.003088792351803521,0.0030887923518004195,1.000000000001004,optimal,False
cce_4022,Mars_bakim_x2.5,1.921988843646364e-17,0.0030887923518004195,6.222460511228798e-15,optimal,True
cce_1213,Mars_bakim_x2.5,0.003088792351800837,0.0030887923518004195,1.0000000000001352,optimal,False
cce_1660,Mars_bakim_x2.5,0.0030887466762766188,0.0030887923518004195,0.9999852124977666,optimal,False
cce_0263,Mars_bakim_x2.5,8.788783991088173e-18,0.0030887923518004195,2.845378707948852e-15,optimal,True
cce_3972,Mars_bakim_x2.5,3.829513539431412e-16,0.0030887923518004195,1.239809318097811e-13,optimal,True
cce_1670,Mars_bakim_x2.5,0.0030887923518008683,0.0030887923518004195,1.0000000000001452,optimal,False
cce_2792,Mars_bakim_x2.5,,0.0030887923518004195,0.0,infeasible,True
cce_3794,Mars_bakim_x2.5,0.003088792351800787,0.0030887923518004195,1.000000000000119,optimal,False
cce_3158,Mars_bakim_x2.5,0.003088792351800093,0.0030887923518004195,0.9999999999998943,optimal,False
cce_0963,Mars_bakim_x2.5,5.663823656346566e-17,0.0030887923518004195,1.8336692827684552e-14,optimal,True
cce_2658,Mars_bakim_x2.5,0.003088792351799661,0.0030887923518004195,0.9999999999997544,optimal,False
cce_3150,Mars_bakim_x2.5,1.921988843646364e-17,0.0030887923518004195,6.222460511228798e-15,optimal,True
cce_3822,Mars_bakim_x2.5,1.1418904539123464e-16,0.0030887923518004195,3.696883195293955e-14,optimal,True
cce_0267,Mars_bakim_x2.5,0.003088792351799825,0.0030887923518004195,0.9999999999998075,optimal,False
cce_4314,Mars_bakim_x2.5,1.1795056869663042e-18,0.0030887923518004195,3.8186629356252603e-16,optimal,True
cce_2318,Mars_bakim_x2.5,0.0005908725398721675,0.0030887923518004195,0.19129564974730498,optimal,False
cce_2605,Mars_bakim_x2.5,1.8581724741870154e-17,0.0030887923518004195,6.015854296919342e-15,optimal,True
cce_1526,Mars_bakim_x2.5,,0.0030887923518004195,0.0,infeasible,True
cce_2117,Mars_bakim_x2.5,-2.9285880055843563e-31,0.0030887923518004195,-9.481336626197348e-29,optimal,True
cce_1653,Mars_bakim_x2.5,0.0,0.0030887923518004195,0.0,optimal,True
cce_4487,Mars_bakim_x2.5,,0.0030887923518004195,0.0,infeasible,True
cce_4299,Mars_bakim_x2.5,0.0030887923518008024,0.0030887923518004195,1.000000000000124,optimal,False
cce_3134,Mars_bakim_x2.5,1.6028563151306682e-17,0.0030887923518004195,5.189265358664796e-15,optimal,True
cce_4168,Mars_bakim_x2.5,0.0030887923518001623,0.0030887923518004195,0.9999999999999167,optimal,False
cce_3119,Mars_bakim_x2.5,0.003088792351802148,0.0030887923518004195,1.0000000000005596,optimal,False
cce_2016,Mars_bakim_x2.5,0.003088792351802148,0.0030887923518004195,1.0000000000005596,optimal,False
cce_4019,Mars_bakim_x2.5,-1.6702567158199052e-17,0.0030887923518004195,-5.407474914415444e-15,optimal,True
cce_3422,Mars_bakim_x2.5,0.0030887923518003384,0.0030887923518004195,0.9999999999999738,optimal,False
cce_3256,Mars_bakim_x2.5,-1.6702567158203015e-17,0.0030887923518004195,-5.4074749144167275e-15,optimal,True
cce_0801,Mars_bakim_x2.5,0.0,0.0030887923518004195,0.0,optimal,True
cce_0591,Mars_bakim_x2.5,0.0030887923518003384,0.0030887923518004195,0.9999999999999738,optimal,False
cce_3530,Mars_bakim_x2.5,0.003088792351802148,0.0030887923518004195,1.0000000000005596,optimal,False
cce_0493,Mars_bakim_x2.5,0.003088792351802148,0.0030887923518004195,1.0000000000005596,optimal,False
cce_2693,Mars_bakim_x2.5,0.003088792351802148,0.0030887923518004195,1.0000000000005596,optimal,False
cce_2791,Mars_bakim_x2.5,,0.0030887923518004195,0.0,infeasible,True
cce_0927,Mars_bakim_x2.5,-8.506167177313173e-32,0.0030887923518004195,-2.753881196434274e-29,optimal,True
cce_0973,Mars_bakim_x2.5,0.00308879235180076,0.0030887923518004195,1.0000000000001101,optimal,False
cce_2568,Mars_bakim_x2.5,0.0030887923518038143,0.0030887923518004195,1.0000000000010991,optimal,False
cce_4463,Mars_bakim_x2.5,-7.235924503145436e-17,0.0030887923518004195,-2.3426387011505333e-14,optimal,True
cce_4077,Mars_bakim_x2.5,0.0030887923518006766,0.0030887923518004195,1.0000000000000833,optimal,False
cce_4123,Mars_bakim_x2.5,3.6160170789039347e-17,0.0030887923518004195,1.1706895987346648e-14,optimal,True
cce_1165,Mars_bakim_x2.5,0.003088792351800678,0.0030887923518004195,1.0000000000000837,optimal,False
cce_2756,Mars_bakim_x2.5,-3.3670777382860004e-15,0.0030887923518004195,-1.0900952070550717e-12,optimal,True
cce_2779,Mars_bakim_x2.5,0.0030887923518024087,0.0030887923518004195,1.000000000000644,optimal,False
cce_2061,Mars_bakim_x2.5,0.0030887923518007794,0.0030887923518004195,1.0000000000001166,optimal,False
cce_0926,Mars_bakim_x2.5,0.0030887923518007794,0.0030887923518004195,1.0000000000001166,optimal,False
cce_4042,Mars_bakim_x2.5,2.992034808825769e-17,0.0030887923518004195,9.686746365717165e-15,optimal,True
cce_0860,Mars_bakim_x2.5,,0.0030887923518004195,0.0,infeasible,True
cce_0990,Mars_bakim_x2.5,,0.0030887923518004195,0.0,infeasible,True
cce_1064,Mars_bakim_x2.5,0.00308879235180084,0.0030887923518004195,1.0000000000001361,optimal,False
cce_4146,Mars_bakim_x2.5,-9.750063793495586e-18,0.0030887923518004195,-3.1565941257956017e-15,optimal,True
cce_4423,Mars_bakim_x2.5,0.0,0.0030887923518004195,0.0,optimal,True
cce_4103,Mars_bakim_x2.5,0.0030887923518008293,0.0030887923518004195,1.0000000000001328,optimal,False
cce_4424,Mars_bakim_x2.5,0.0030887923518019157,0.0030887923518004195,1.0000000000004845,optimal,False
cce_4946,Mars_bakim_x2.5,0.0030887923518019157,0.0030887923518004195,1.0000000000004845,optimal,False
cce_3759,Mars_bakim_x2.5,0.0030887923518019157,0.0030887923518004195,1.0000000000004845,optimal,False
cce_4071,Mars_bakim_x2.5,0.0030887923518019157,0.0030887923518004195,1.0000000000004845,optimal,False
cce_4273,Mars_bakim_x2.5,,0.0030887923518004195,0.0,infeasible,True
cce_0307,Mars_bakim_x2.5,0.003088792351800743,0.0030887923518004195,1.0000000000001048,optimal,False
cce_0589,Mars_bakim_x2.5,0.0030887923518019157,0.0030887923518004195,1.0000000000004845,optimal,False
cce_2725,Mars_bakim_x2.5,7.989857824940473e-18,0.0030887923518004195,2.5867254625527943e-15,optimal,True
cce_4043,Mars_bakim_x2.5,0.0,0.0030887923518004195,0.0,optimal,True
cce_1607,Mars_bakim_x2.5,0.0030887923518007477,0.0030887923518004195,1.0000000000001064,optimal,False
cce_0399,Mars_bakim_x2.5,0.0030887923518019157,0.0030887923518004195,1.0000000000004845,optimal,False
cce_4704,Mars_bakim_x2.5,0.0030887923518019157,0.0030887923518004195,1.0000000000004845,optimal,False
cce_1599,Mars_bakim_x2.5,,0.0030887923518004195,0.0,infeasible,True
cce_3976,Mars_bakim_x2.5,1.1081660635394354e-30,0.0030887923518004195,3.5877001019298007e-28,optimal,True
cce_1946,Mars_bakim_x2.5,-2.4879140867760994e-31,0.0030887923518004195,-8.054649854743147e-29,optimal,True
cce_2120,Mars_bakim_x2.5,0.0,0.0030887923518004195,0.0,optimal,True
cce_0595,Mars_bakim_x2.5,0.003088792351800808,0.0030887923518004195,1.000000000000126,optimal,False
cce_2879,Mars_bakim_x2.5,0.00308879235180124,0.0030887923518004195,1.0000000000002656,optimal,False
cce_0921,Mars_bakim_x2.5,2.2735283934265735e-15,0.0030887923518004195,7.360573759842941e-13,optimal,True
cce_0384,Mars_bakim_x2.5,0.003088792351802696,0.0030887923518004195,1.000000000000737,optimal,False
cce_4015,Mars_bakim_x2.5,8.262989576513608e-18,0.0030887923518004195,2.675152174505098e-15,optimal,True
cce_1861,Mars_bakim_x2.5,0.0,0.0030887923518004195,0.0,optimal,True
cce_2305,Mars_bakim_x2.5,0.0,0.0030887923518004195,0.0,optimal,True
cce_2877,Mars_bakim_x2.5,0.003088792351800805,0.0030887923518004195,1.0000000000001248,optimal,False
cce_1512,Mars_bakim_x2.5,0.003088792351801384,0.0030887923518004195,1.0000000000003122,optimal,False
cce_0460,Mars_bakim_x2.5,1.594747535381468e-17,0.0030887923518004195,5.1630130929711386e-15,optimal,True
cce_1542,Mars_bakim_x2.5,0.003088792351800622,0.0030887923518004195,1.0000000000000655,optimal,False
cce_3982,Mars_bakim_x2.5,0.003088792351801384,0.0030887923518004195,1.0000000000003122,optimal,False
cce_1210,Mars_bakim_x2.5,1.5421066249004986e-14,0.0030887923518004195,4.992587552871993e-12,optimal,True
cce_2696,Mars_bakim_x2.5,2.7544735055765272e-17,0.0030887923518004195,8.917638972949988e-15,optimal,True
cce_2494,Mars_bakim_x2.5,0.0030887923518002655,0.0030887923518004195,0.9999999999999502,optimal,False
cce_3963,Mars_bakim_x2.5,0.003088792351801384,0.0030887923518004195,1.0000000000003122,optimal,False
cce_4591,Mars_bakim_x2.5,7.306656624405995e-18,0.0030887923518004195,2.365538305010058e-15,optimal,True
cce_3707,Mars_bakim_x2.5,0.0030887144291079404,0.0030887923518004195,0.9999747724406163,optimal,False
cce_4680,Mars_bakim_x2.5,,0.0030887923518004195,0.0,infeasible,True
cce_4258,Mars_bakim_x2.5,-3.1880715754195072e-31,0.0030887923518004195,-1.0321417603748013e-28,optimal,True
cce_1601,Mars_bakim_x2.5,0.003088792351800861,0.0030887923518004195,1.000000000000143,optimal,False
cce_0600,Mars_bakim_x2.5,0.0030887923518038143,0.0030887923518004195,1.0000000000010991,optimal,False
cce_2887,Mars_bakim_x2.5,6.9280534621816205e-15,0.0030887923518004195,2.242965105162651e-12,optimal,True
cce_2225,Mars_bakim_x2.5,0.003088792351800552,0.0030887923518004195,1.0000000000000429,optimal,False
cce_3635,Mars_bakim_x2.5,0.0030887923518007794,0.0030887923518004195,1.0000000000001166,optimal,False
cce_1392,Mars_bakim_x2.5,2.992034808825769e-17,0.0030887923518004195,9.686746365717165e-15,optimal,True
cce_1640,Mars_bakim_x2.5,0.003088792351800984,0.0030887923518004195,1.0000000000001827,optimal,False
cce_0798,Mars_bakim_x2.5,5.859316242109177e-16,0.0030887923518004195,1.8969602274150455e-13,optimal,True
cce_0305,Mars_bakim_x2.5,0.0030887923518020384,0.0030887923518004195,1.000000000000524,optimal,False
cce_4888,Mars_bakim_x2.5,0.0030887923518007794,0.0030887923518004195,1.0000000000001166,optimal,False
cce_2170,Mars_bakim_x2.5,0.0030887923518007794,0.0030887923518004195,1.0000000000001166,optimal,False
cce_2643,Mars_bakim_x2.5,0.0030731540013232746,0.0030887923518004195,0.9949370664337376,optimal,False
cce_4945,Mars_bakim_x2.5,0.00308879235180103,0.0030887923518004195,1.0000000000001976,optimal,False
cce_0172,Mars_bakim_x2.5,-6.591928324164624e-18,0.0030887923518004195,-2.134144213456845e-15,optimal,True
cce_2771,Mars_bakim_x2.5,0.003088792351800712,0.0030887923518004195,1.0000000000000948,optimal,False
cce_2932,Mars_bakim_x2.5,0.0030887923518007794,0.0030887923518004195,1.0000000000001166,optimal,False
cce_0871,Mars_bakim_x2.5,0.0030887923518007794,0.0030887923518004195,1.0000000000001166,optimal,False
cce_1176,Mars_bakim_x2.5,0.0005908725398722594,0.0030887923518004195,0.19129564974733473,optimal,False
cce_2298,Mars_bakim_x2.5,-2.575407152446499e-19,0.0030887923518004195,-8.337909639491711e-17,optimal,True
cce_2054,Mars_bakim_x2.5,0.003088792351800804,0.0030887923518004195,1.0000000000001246,optimal,False
cce_0303,Mars_bakim_x2.5,0.0030887923518007794,0.0030887923518004195,1.0000000000001166,optimal,False
cce_1514,Mars_bakim_x2.5,0.0030887923518007794,0.0030887923518004195,1.0000000000001166,optimal,False
cce_3347,Mars_bakim_x2.5,3.6160170789039347e-17,0.0030887923518004195,1.1706895987346648e-14,optimal,True
cce_4030,Mars_bakim_x2.5,0.0,0.0030887923518004195,0.0,optimal,True
cce_4813,Mars_bakim_x2.5,0.0030887923518006653,0.0030887923518004195,1.0000000000000797,optimal,False
cce_0202,Mars_bakim_x2.5,0.0030887923518007794,0.0030887923518004195,1.0000000000001166,optimal,False
cce_0036,Mars_bakim_x2.5,3.30811085880091e-16,0.0030887923518004195,1.0710046134608733e-13,optimal,True
cce_3620,Mars_bakim_x2.5,0.0030887923518007356,0.0030887923518004195,1.0000000000001024,optimal,False
cce_1665,Mars_bakim_x2.5,0.0030887923518007794,0.0030887923518004195,1.0000000000001166,optimal,False
cce_0663,Mars_bakim_x2.5,0.003088717879658007,0.0030887923518004195,0.9999758895600835,optimal,False
cce_4483,Mars_bakim_x2.5,0.0030887923518015466,0.0030887923518004195,1.0000000000003648,optimal,False
cce_2959,Mars_bakim_x2.5,,0.0030887923518004195,0.0,infeasible,True
cce_1976,Mars_bakim_x2.5,0.0019042828836603723,0.0030887923518004195,0.6165137266512555,optimal,False
cce_2038,Mars_bakim_x2.5,-1.0797968431812333e-16,0.0030887923518004195,-3.4958544317549634e-14,optimal,True
cce_3957,Mars_bakim_x2.5,1.8682170405293474e-14,0.0030887923518004195,6.048373693493467e-12,optimal,True
cce_0240,Mars_bakim_x2.5,0.0030887923518024196,0.0030887923518004195,1.0000000000006475,optimal,False
cce_3663,Mars_bakim_x2.5,0.0030887923518015527,0.0030887923518004195,1.0000000000003668,optimal,False
cce_3335,Mars_bakim_x2.5,0.0030887923518015527,0.0030887923518004195,1.0000000000003668,optimal,False
cce_2939,Mars_bakim_x2.5,0.0030887923518015527,0.0030887923518004195,1.0000000000003668,optimal,False
cce_0292,Mars_bakim_x2.5,0.003088792351800193,0.0030887923518004195,0.9999999999999267,optimal,False
cce_3993,Mars_bakim_x2.5,0.003088792351800193,0.0030887923518004195,0.9999999999999267,optimal,False
cce_1588,Mars_bakim_x2.5,0.003088792351800193,0.0030887923518004195,0.9999999999999267,optimal,False
cce_1859,Mars_bakim_x2.5,0.003088792351800193,0.0030887923518004195,0.9999999999999267,optimal,False
cce_4385,Mars_bakim_x2.5,0.003088792351800193,0.0030887923518004195,0.9999999999999267,optimal,False
cce_3801,Mars_bakim_x2.5,0.003088792351800193,0.0030887923518004195,0.9999999999999267,optimal,False
cce_1057,Mars_bakim_x2.5,0.003088792351800193,0.0030887923518004195,0.9999999999999267,optimal,False
cce_2358,Mars_bakim_x2.5,6.226574418003774e-17,0.0030887923518004195,2.015860475170621e-14,optimal,True
cce_2010,Mars_bakim_x2.5,0.003088792351800432,0.0030887923518004195,1.000000000000004,optimal,False
cce_0953,Mars_bakim_x2.5,0.003088792351800193,0.0030887923518004195,0.9999999999999267,optimal,False
cce_1606,Mars_bakim_x2.5,0.003088792351800193,0.0030887923518004195,0.9999999999999267,optimal,False
cce_0811,Mars_bakim_x2.5,-3.533966618949255e-14,0.0030887923518004195,-1.1441256699853419e-11,optimal,True
cce_0701,Mars_bakim_x2.5,0.0030887923517984453,0.0030887923518004195,0.9999999999993608,optimal,False
cce_1349,Mars_bakim_x2.5,0.003088792351800193,0.0030887923518004195,0.9999999999999267,optimal,False
cce_1776,Mars_bakim_x2.5,0.003088792351800193,0.0030887923518004195,0.9999999999999267,optimal,False
cce_0065,Mars_bakim_x2.5,0.003088792351800193,0.0030887923518004195,0.9999999999999267,optimal,False
cce_3504,Mars_bakim_x2.5,-7.888285502618226e-18,0.0030887923518004195,-2.5538413088922084e-15,optimal,True
cce_2625,Mars_bakim_x2.5,,0.0030887923518004195,0.0,infeasible,True
cce_4400,Mars_bakim_x2.5,-2.5049133806867686e-31,0.0030887923518004195,-8.109685260087765e-29,optimal,True
cce_5186,Mars_bakim_x2.5,0.0030887923518005903,0.0030887923518004195,1.0000000000000553,optimal,False
cce_0224,Mars_bakim_x2.5,-4.63704308513907e-16,0.0030887923518004195,-1.5012479173085862e-13,optimal,True
cce_1595,Mars_bakim_x2.5,0.00308879235180079,0.0030887923518004195,1.00000000000012,optimal,False
cce_1614,Mars_bakim_x2.5,3.096660785301477e-17,0.0030887923518004195,1.0025474142010456e-14,optimal,True
cce_4488,Mars_bakim_x2.5,0.0030887923518011645,0.0030887923518004195,1.0000000000002411,optimal,False
cce_0628,Mars_bakim_x2.5,-1.4665732090646788e-16,0.0030887923518004195,-4.748047269055918e-14,optimal,True
cce_0807,Mars_bakim_x2.5,0.003088792351800646,0.0030887923518004195,1.0000000000000733,optimal,False
cce_0912,Mars_bakim_x2.5,0.0030887923517882417,0.0030887923518004195,0.9999999999960575,optimal,False
cce_1139,Mars_bakim_x2.5,0.0030887923517882417,0.0030887923518004195,0.9999999999960575,optimal,False
cce_1905,Mars_bakim_x2.5,0.0030887923517882417,0.0030887923518004195,0.9999999999960575,optimal,False
cce_0154,Mars_bakim_x2.5,0.0030887923517882417,0.0030887923518004195,0.9999999999960575,optimal,False
cce_1242,Mars_bakim_x2.5,0.0030887923517882417,0.0030887923518004195,0.9999999999960575,optimal,False
cce_3401,Mars_bakim_x2.5,-1.977045905533587e-17,0.0030887923518004195,-6.400708368696882e-15,optimal,True
cce_3891,Mars_bakim_x2.5,0.0030887923518023927,0.0030887923518004195,1.0000000000006388,optimal,False
cce_2531,Mars_bakim_x2.5,0.0030887923517882417,0.0030887923518004195,0.9999999999960575,optimal,False
cce_4091,Mars_bakim_x2.5,-1.331642862129451e-17,0.0030887923518004195,-4.311208752356735e-15,optimal,True
cce_4686,Mars_bakim_x2.5,0.003088792351800832,0.0030887923518004195,1.0000000000001334,optimal,False
cce_4845,Mars_bakim_x2.5,0.0030887923517882417,0.0030887923518004195,0.9999999999960575,optimal,False
cce_4913,Mars_bakim_x2.5,0.0030887923517882417,0.0030887923518004195,0.9999999999960575,optimal,False
cce_2359,Mars_bakim_x2.5,-1.977045905533587e-17,0.0030887923518004195,-6.400708368696882e-15,optimal,True
cce_1722,Mars_bakim_x2.5,0.0,0.0030887923518004195,0.0,optimal,True
cce_1384,Mars_bakim_x2.5,,0.0030887923518004195,0.0,infeasible,True
cce_1975,Mars_bakim_x2.5,0.001904282883660171,0.0030887923518004195,0.6165137266511903,optimal,False
cce_0282,Mars_bakim_x2.5,4.261446442121251e-17,0.0030887923518004195,1.3796480814378168e-14,optimal,True
cce_2549,Mars_bakim_x2.5,0.003088792351800865,0.0030887923518004195,1.000000000000144,optimal,False
cce_1985,Mars_bakim_x2.5,0.0030887923518015527,0.0030887923518004195,1.0000000000003668,optimal,False
cce_2882,Mars_bakim_x2.5,2.2233770063076457e-14,0.0030887923518004195,7.198208079645322e-12,optimal,True
cce_1659,Mars_bakim_x2.5,0.003088792351800876,0.0030887923518004195,1.0000000000001479,optimal,False
cce_5286,Mars_bakim_x2.5,7.827517038837636e-17,0.0030887923518004195,2.5341674503548518e-14,optimal,True
cce_2958,Mars_bakim_x2.5,0.0030887923518008514,0.0030887923518004195,1.0000000000001399,optimal,False
cce_4254,Mars_bakim_x2.5,0.0030887923518015527,0.0030887923518004195,1.0000000000003668,optimal,False
cce_0387,Mars_bakim_x2.5,0.0030887923518015527,0.0030887923518004195,1.0000000000003668,optimal,False
cce_4253,Mars_bakim_x2.5,0.0030887923518015527,0.0030887923518004195,1.0000000000003668,optimal,False
cce_1996,Mars_bakim_x2.5,0.0030887923518015527,0.0030887923518004195,1.0000000000003668,optimal,False
cce_1367,Mars_bakim_x2.5,7.827517038837636e-17,0.0030887923518004195,2.5341674503548518e-14,optimal,True
cce_5187,Mars_bakim_x2.5,0.0030887923518008514,0.0030887923518004195,1.0000000000001399,optimal,False
cce_4479,Mars_bakim_x2.5,0.0030887923518015527,0.0030887923518004195,1.0000000000003668,optimal,False
cce_0382,Mars_bakim_x2.5,2.717338091845907e-17,0.0030887923518004195,8.79741265307784e-15,optimal,True
cce_2522,Mars_bakim_x2.5,0.003088792351801268,0.0030887923518004195,1.0000000000002747,optimal,False
cce_1850,Mars_bakim_x2.5,0.003086239283097931,0.0030887923518004195,0.9991734411343643,optimal,False
cce_0890,Mars_bakim_x2.5,0.003088792351800438,0.0030887923518004195,1.000000000000006,optimal,False
cce_1527,Mars_bakim_x2.5,0.0030887923518015527,0.0030887923518004195,1.0000000000003668,optimal,False
cce_2813,Mars_bakim_x2.5,0.0030887923518015527,0.0030887923518004195,1.0000000000003668,optimal,False
cce_0829,Mars_bakim_x2.5,2.030978659418181e-18,0.0030887923518004195,6.575316266353574e-16,optimal,True
cce_0217,Mars_bakim_x2.5,0.0,0.0030887923518004195,0.0,optimal,True
cce_3025,Mars_bakim_x2.5,0.00308879235180091,0.0030887923518004195,1.0000000000001588,optimal,False
cce_0544,Mars_bakim_x2.5,0.0030887923518015527,0.0030887923518004195,1.0000000000003668,optimal,False
cce_0825,Mars_bakim_x2.5,0.0030887923518015527,0.0030887923518004195,1.0000000000003668,optimal,False
cce_5197,Mars_bakim_x2.5,0.0030887923518015527,0.0030887923518004195,1.0000000000003668,optimal,False
cce_2314,Mars_bakim_x2.5,0.0030887923518015527,0.0030887923518004195,1.0000000000003668,optimal,False
cce_2222,Mars_bakim_x2.5,0.0005908725398722582,0.0030887923518004195,0.19129564974733437,optimal,False
cce_3244,Mars_bakim_x2.5,0.003088717879658497,0.0030887923518004195,0.9999758895602422,optimal,False
cce_3816,Mars_bakim_x2.5,3.977886971748305e-15,0.0030887923518004195,1.2878453837887948e-12,optimal,True
cce_0510,Mars_bakim_x2.5,-2.4433054812704557e-17,0.0030887923518004195,-7.9102289923966e-15,optimal,True
cce_1014,Mars_bakim_x2.5,0.0,0.0030887923518004195,0.0,optimal,True
cce_4073,Mars_bakim_x2.5,0.0030887923518008,0.0030887923518004195,1.0000000000001232,optimal,False
cce_1411,Mars_bakim_x2.5,0.0030887923518015527,0.0030887923518004195,1.0000000000003668,optimal,False
cce_2255,Mars_bakim_x2.5,0.0030887923518015527,0.0030887923518004195,1.0000000000003668,optimal,False
cce_2560,Mars_bakim_x2.5,0.0030887923518015527,0.0030887923518004195,1.0000000000003668,optimal,False
cce_0061,Mars_bakim_x2.5,0.0030887144291093546,0.0030887923518004195,0.9999747724410741,optimal,False
cce_3970,Mars_bakim_x2.5,0.0030887923518019764,0.0030887923518004195,1.000000000000504,optimal,False
cce_1747,Mars_bakim_x2.5,,0.0030887923518004195,0.0,infeasible,True
cce_2923,Mars_bakim_x2.5,8.375372766212031e-34,0.0030887923518004195,2.711536358645193e-31,optimal,True
cce_4122,Mars_bakim_x2.5,0.0,0.0030887923518004195,0.0,optimal,True
cce_4475,Mars_bakim_x2.5,0.0030887923518008653,0.0030887923518004195,1.0000000000001443,optimal,False
cce_2765,Mars_bakim_x2.5,0.003088792351801532,0.0030887923518004195,1.0000000000003602,optimal,False
cce_4013,Mars_bakim_x2.5,-1.6745278485984504e-16,0.0030887923518004195,-5.421302754853004e-14,optimal,True
cce_1511,Mars_bakim_x2.5,,0.0030887923518004195,0.0,infeasible,True
cce_1789,Mars_bakim_x2.5,0.0030887923518008787,0.0030887923518004195,1.0000000000001488,optimal,False
cce_4222,Mars_bakim_x2.5,9.101416107984135e-18,0.0030887923518004195,2.9465937076278473e-15,optimal,True
cce_1533,Mars_bakim_x2.5,-2.4764002938369155e-31,0.0030887923518004195,-8.017373820527145e-29,optimal,True
cce_3224,Mars_bakim_x2.5,0.0,0.0030887923518004195,0.0,optimal,True
cce_0797,Mars_bakim_x2.5,0.0030887923518013306,0.0030887923518004195,1.000000000000295,optimal,False
cce_0405,Mars_bakim_x2.5,0.0030887923518010925,0.0030887923518004195,1.0000000000002178,optimal,False
cce_2412,Mars_bakim_x2.5,-4.875276742261163e-18,0.0030887923518004195,-1.5783763319083018e-15,optimal,True
cce_4571,Mars_bakim_x2.5,-1.381181917342439e-30,0.0030887923518004195,-4.471592001117734e-28,optimal,True
cce_3233,Mars_bakim_x2.5,0.003088792351800997,0.0030887923518004195,1.000000000000187,optimal,False
cce_4028,Mars_bakim_x2.5,-5.703794355126516e-18,0.0030887923518004195,-1.8466098414812002e-15,optimal,True
cce_3487,Mars_bakim_x2.5,0.0030887923518007265,0.0030887923518004195,1.0000000000000995,optimal,False
cce_1284,Mars_bakim_x2.5,0.0030887923518010925,0.0030887923518004195,1.0000000000002178,optimal,False
cce_2207,Mars_bakim_x2.5,0.0030887923518010925,0.0030887923518004195,1.0000000000002178,optimal,False
cce_4758,Mars_bakim_x2.5,0.0030887923518010925,0.0030887923518004195,1.0000000000002178,optimal,False
cce_4520,Mars_bakim_x2.5,0.0030887923518010925,0.0030887923518004195,1.0000000000002178,optimal,False
cce_3984,Mars_bakim_x2.5,0.0030887923518010925,0.0030887923518004195,1.0000000000002178,optimal,False
cce_2627,Mars_bakim_x2.5,0.0030887923518010925,0.0030887923518004195,1.0000000000002178,optimal,False
cce_1806,Mars_bakim_x2.5,0.0030887923518010925,0.0030887923518004195,1.0000000000002178,optimal,False
cce_0338,Mars_bakim_x2.5,0.0030887923518010925,0.0030887923518004195,1.0000000000002178,optimal,False
cce_1917,Mars_bakim_x2.5,0.0030887923518010925,0.0030887923518004195,1.0000000000002178,optimal,False
cce_2253,Mars_bakim_x2.5,0.0030887923518010925,0.0030887923518004195,1.0000000000002178,optimal,False
cce_4692,Mars_bakim_x2.5,0.0030887923518010925,0.0030887923518004195,1.0000000000002178,optimal,False
cce_4637,Mars_bakim_x2.5,0.0030887923518010925,0.0030887923518004195,1.0000000000002178,optimal,False
cce_4353,Mars_bakim_x2.5,0.0030887923518010925,0.0030887923518004195,1.0000000000002178,optimal,False
cce_3223,Mars_bakim_x2.5,5.360283456551398e-19,0.0030887923518004195,1.7353978014828203e-16,optimal,True
cce_3989,Mars_bakim_x2.5,0.0030887923518007863,0.0030887923518004195,1.0000000000001188,optimal,False
cce_3509,Mars_bakim_x2.5,0.0030887923518010925,0.0030887923518004195,1.0000000000002178,optimal,False
cce_2373,Mars_bakim_x2.5,0.0030887923518010925,0.0030887923518004195,1.0000000000002178,optimal,False
cce_0091,Mars_bakim_x2.5,0.0030887923518010925,0.0030887923518004195,1.0000000000002178,optimal,False
cce_4480,Mars_bakim_x2.5,0.0030887923518010925,0.0030887923518004195,1.0000000000002178,optimal,False
cce_1121,Mars_bakim_x2.5,0.0030887923518010925,0.0030887923518004195,1.0000000000002178,optimal,False
cce_0897,Mars_bakim_x2.5,0.0030887923518010925,0.0030887923518004195,1.0000000000002178,optimal,False
cce_3209,Mars_bakim_x2.5,1.346551403685109e-16,0.0030887923518004195,4.3594753234228274e-14,optimal,True
cce_0844,Mars_bakim_x2.5,0.003088792351800717,0.0030887923518004195,1.0000000000000964,optimal,False
cce_3508,Mars_bakim_x2.5,0.0030887923518010925,0.0030887923518004195,1.0000000000002178,optimal,False
cce_4512,Mars_bakim_x2.5,5.360283456551398e-19,0.0030887923518004195,1.7353978014828203e-16,optimal,True
cce_1163,Mars_bakim_x2.5,0.00308879235180094,0.0030887923518004195,1.0000000000001685,optimal,False
cce_1010,Mars_bakim_x2.5,0.0030887923518010925,0.0030887923518004195,1.0000000000002178,optimal,False
cce_2610,Mars_bakim_x2.5,0.0030887923518010925,0.0030887923518004195,1.0000000000002178,optimal,False
cce_2630,Mars_bakim_x2.5,0.0030887923518010925,0.0030887923518004195,1.0000000000002178,optimal,False
cce_4510,Mars_bakim_x2.5,0.0030887923518010925,0.0030887923518004195,1.0000000000002178,optimal,False
cce_4473,Mars_bakim_x2.5,4.611275656088268e-17,0.0030887923518004195,1.4929056831549105e-14,optimal,True
cce_2536,Mars_bakim_x2.5,0.0030887923518009962,0.0030887923518004195,1.0000000000001867,optimal,False
cce_0258,Mars_bakim_x2.5,4.975024941471743e-18,0.0030887923518004195,1.6106699236586302e-15,optimal,True
cce_2572,Mars_bakim_x2.5,,0.0030887923518004195,0.0,infeasible,True
cce_4638,Mars_bakim_x2.5,3.5272934092079173e-15,0.0030887923518004195,1.1419652108216018e-12,optimal,True
cce_5183,Mars_bakim_x2.5,0.0030887923518069455,0.0030887923518004195,1.0000000000021128,optimal,False
cce_2697,Mars_bakim_x2.5,0.0030887923518035927,0.0030887923518004195,1.0000000000010274,optimal,False
cce_1692,Mars_bakim_x2.5,0.0030887923518035927,0.0030887923518004195,1.0000000000010274,optimal,False
cce_3251,Mars_bakim_x2.5,1.9175379921052595e-18,0.0030887923518004195,6.20805082927491e-16,optimal,True
cce_0315,Mars_bakim_x2.5,0.0,0.0030887923518004195,0.0,optimal,True
cce_3156,Mars_bakim_x2.5,0.0030887923518011355,0.0030887923518004195,1.0000000000002318,optimal,False
cce_0590,Mars_bakim_x2.5,,0.0030887923518004195,0.0,infeasible,True
cce_1629,Mars_bakim_x2.5,0.003088792351800787,0.0030887923518004195,1.000000000000119,optimal,False
cce_1485,Mars_bakim_x2.5,0.00308879235180058,0.0030887923518004195,1.000000000000052,optimal,False
cce_0800,Mars_bakim_x2.5,0.00308879235180058,0.0030887923518004195,1.000000000000052,optimal,False
cce_4350,Mars_bakim_x2.5,0.00308879235180058,0.0030887923518004195,1.000000000000052,optimal,False
cce_3516,Mars_bakim_x2.5,0.00308879235180058,0.0030887923518004195,1.000000000000052,optimal,False
cce_3887,Mars_bakim_x2.5,0.00308879235180058,0.0030887923518004195,1.000000000000052,optimal,False
cce_4227,Mars_bakim_x2.5,-3.2822359755639867e-17,0.0030887923518004195,-1.0626275908935126e-14,optimal,True
cce_2302,Mars_bakim_x2.5,0.003088792351800715,0.0030887923518004195,1.0000000000000957,optimal,False
cce_4029,Mars_bakim_x2.5,1.4479795762070318e-18,0.0030887923518004195,4.687850173427884e-16,optimal,True
cce_3716,Mars_bakim_x2.5,9.699809515766367e-15,0.0030887923518004195,3.140324246824966e-12,optimal,True
cce_4745,Mars_bakim_x2.5,0.0030887923518005725,0.0030887923518004195,1.0000000000000495,optimal,False
cce_1310,Mars_bakim_x2.5,0.003088792351802687,0.0030887923518004195,1.000000000000734,optimal,False
cce_4478,Mars_bakim_x2.5,-1.190439721913489e-17,0.0030887923518004195,-3.854061996817611e-15,optimal,True
cce_2963,Mars_bakim_x2.5,0.0030887923518011064,0.0030887923518004195,1.0000000000002225,optimal,False
cce_0032,Mars_bakim_x2.5,0.003088792351802687,0.0030887923518004195,1.000000000000734,optimal,False
cce_3754,Mars_bakim_x2.5,0.003088792351802687,0.0030887923518004195,1.000000000000734,optimal,False
cce_4249,Mars_bakim_x2.5,1.674395664238652e-17,0.0030887923518004195,5.420874806500564e-15,optimal,True
cce_1864,Mars_bakim_x2.5,0.0030887923518008622,0.0030887923518004195,1.0000000000001434,optimal,False
cce_2750,Mars_bakim_x2.5,0.003088792351802687,0.0030887923518004195,1.000000000000734,optimal,False
cce_2342,Mars_bakim_x2.5,-1.823755107856644e-17,0.0030887923518004195,-5.9044276860942085e-15,optimal,True
cce_0294,Mars_bakim_x2.5,0.0,0.0030887923518004195,0.0,optimal,True
cce_4370,Mars_bakim_x2.5,0.0,0.0030887923518004195,0.0,optimal,True
cce_1495,Mars_bakim_x2.5,0.0030887923518015015,0.0030887923518004195,1.0000000000003504,optimal,False
cce_0538,Mars_bakim_x2.5,0.003088792351802687,0.0030887923518004195,1.000000000000734,optimal,False
cce_2357,Mars_bakim_x2.5,6.0060604060169745e-18,0.0030887923518004195,1.9444688156250177e-15,optimal,True
cce_4489,Mars_bakim_x2.5,0.0030887923518001744,0.0030887923518004195,0.9999999999999206,optimal,False
cce_3261,Mars_bakim_x2.5,0.003088792351802687,0.0030887923518004195,1.000000000000734,optimal,False
cce_4110,Mars_bakim_x2.5,0.003088792351802687,0.0030887923518004195,1.000000000000734,optimal,False
cce_1508,Mars_bakim_x2.5,0.003088792351802687,0.0030887923518004195,1.000000000000734,optimal,False
cce_1674,Mars_bakim_x2.5,-1.1053208410828013e-17,0.0030887923518004195,-3.5784886622065194e-15,optimal,True
cce_1501,Mars_bakim_x2.5,0.0030887923518008713,0.0030887923518004195,1.0000000000001463,optimal,False
cce_1290,Mars_bakim_x2.5,,0.0030887923518004195,0.0,infeasible,True
cce_1166,Mars_bakim_x2.5,0.003088792351800894,0.0030887923518004195,1.0000000000001537,optimal,False
cce_4760,Mars_bakim_x2.5,7.201543557947053e-18,0.0030887923518004195,2.3315078314504895e-15,optimal,True
cce_2936,Mars_bakim_x2.5,1.7705882963236252e-30,0.0030887923518004195,5.7322995354206015e-28,optimal,True
cce_0594,Mars_bakim_x2.5,3.277742712110035e-30,0.0030887923518004195,1.0611728917936094e-27,optimal,True
cce_3423,Mars_bakim_x2.5,0.003088792351800273,0.0030887923518004195,0.9999999999999526,optimal,False
cce_4117,Mars_bakim_x2.5,1.1090377079238462e-16,0.0030887923518004195,3.590522060433754e-14,optimal,True
cce_1377,Mars_bakim_x2.5,0.003088792351800956,0.0030887923518004195,1.0000000000001736,optimal,False
cce_2789,Mars_bakim_x2.5,0.0030887923517991197,0.0030887923518004195,0.9999999999995792,optimal,False
cce_0284,Mars_bakim_x2.5,8.497821398377522e-17,0.0030887923518004195,2.7511792411115773e-14,optimal,True
cce_2244,Mars_bakim_x2.5,0.0030887923518008527,0.0030887923518004195,1.0000000000001403,optimal,False
cce_3607,Mars_bakim_x2.5,0.0030887923517991197,0.0030887923518004195,0.9999999999995792,optimal,False
cce_4860,Mars_bakim_x2.5,0.0030887923517991197,0.0030887923518004195,0.9999999999995792,optimal,False
cce_1522,Mars_bakim_x2.5,0.0030887923517991197,0.0030887923518004195,0.9999999999995792,optimal,False
cce_4034,Mars_bakim_x2.5,-4.2532316253235296e-15,0.0030887923518004195,-1.376988525254659e-12,optimal,True
cce_2888,Mars_bakim_x2.5,0.0030887923518070903,0.0030887923518004195,1.0000000000021596,optimal,False
cce_0878,Mars_bakim_x2.5,5.617203975198701e-17,0.0030887923518004195,1.8185761085313816e-14,optimal,True
cce_4208,Mars_bakim_x2.5,0.0030887923518008267,0.0030887923518004195,1.000000000000132,optimal,False
cce_3522,Mars_bakim_x2.5,0.0030887923517991197,0.0030887923518004195,0.9999999999995792,optimal,False
cce_4075,Mars_bakim_x2.5,0.0030887923517991197,0.0030887923518004195,0.9999999999995792,optimal,False
cce_4626,Mars_bakim_x2.5,0.0030887923517991197,0.0030887923518004195,0.9999999999995792,optimal,False
cce_4391,Mars_bakim_x2.5,0.0030887923517991197,0.0030887923518004195,0.9999999999995792,optimal,False
cce_1391,Mars_bakim_x2.5,1.3250840146622579e-16,0.0030887923518004195,4.2899744098689006e-14,optimal,True
cce_1506,Mars_bakim_x2.5,,0.0030887923518004195,0.0,infeasible,True
cce_3746,Mars_bakim_x3.5,0.00023446278577666238,0.00023446278578088064,0.9999999999820088,optimal,False
cce_0688,Mars_bakim_x3.5,-4.6546069985895284e-15,0.00023446278578088064,-1.9852220825097313e-11,optimal,True
cce_0863,Mars_bakim_x3.5,0.00023446278578084342,0.00023446278578088064,0.9999999999998412,optimal,False
cce_0770,Mars_bakim_x3.5,0.00023446278578066095,0.00023446278578088064,0.999999999999063,optimal,False
cce_2383,Mars_bakim_x3.5,0.0002344627857801586,0.00023446278578088064,0.9999999999969205,optimal,False
cce_4641,Mars_bakim_x3.5,0.0002344627857801586,0.00023446278578088064,0.9999999999969205,optimal,False
cce_1354,Mars_bakim_x3.5,-2.875295578411999e-17,0.00023446278578088064,-1.226333453659095e-13,optimal,True
cce_1843,Mars_bakim_x3.5,0.00023446278578028595,0.00023446278578088064,0.9999999999974636,optimal,False
cce_3417,Mars_bakim_x3.5,0.00023446278577917657,0.00023446278578088064,0.999999999992732,optimal,False
cce_5177,Mars_bakim_x3.5,0.00023446278577917657,0.00023446278578088064,0.999999999992732,optimal,False
cce_0560,Mars_bakim_x3.5,-6.3284728977648316e-15,0.00023446278578088064,-2.6991374672478577e-11,optimal,True
cce_0847,Mars_bakim_x3.5,0.00023446278577835336,0.00023446278578088064,0.999999999989221,optimal,False
cce_3974,Mars_bakim_x3.5,0.00023446278577917657,0.00023446278578088064,0.999999999992732,optimal,False
cce_1125,Mars_bakim_x3.5,0.00023446278577917657,0.00023446278578088064,0.999999999992732,optimal,False
cce_2317,Mars_bakim_x3.5,,0.00023446278578088064,0.0,infeasible,True
cce_3166,Mars_bakim_x3.5,5.346019831861237e-16,0.00023446278578088064,2.280114438654418e-12,optimal,True
cce_3952,Mars_bakim_x3.5,0.00023446278577965888,0.00023446278578088064,0.9999999999947891,optimal,False
cce_1632,Mars_bakim_x3.5,0.0002344627857710729,0.00023446278578088064,0.9999999999581692,optimal,False
cce_1605,Mars_bakim_x3.5,0.0002344627857710729,0.00023446278578088064,0.9999999999581692,optimal,False
cce_5174,Mars_bakim_x3.5,0.0002344627857710729,0.00023446278578088064,0.9999999999581692,optimal,False
cce_0561,Mars_bakim_x3.5,-5.103091723527948e-14,0.00023446278578088064,-2.1765039200280976e-10,optimal,True
cce_3576,Mars_bakim_x3.5,-8.078733485943859e-18,0.00023446278578088064,-3.4456357152959503e-14,optimal,True
cce_4842,Mars_bakim_x3.5,0.0002344627857801876,0.00023446278578088064,0.9999999999970441,optimal,False
cce_2446,Mars_bakim_x3.5,0.0002344627857802081,0.00023446278578088064,0.9999999999971316,optimal,False
cce_0782,Mars_bakim_x3.5,0.0002344627857802081,0.00023446278578088064,0.9999999999971316,optimal,False
cce_4346,Mars_bakim_x3.5,0.0002344627857802081,0.00023446278578088064,0.9999999999971316,optimal,False
cce_4111,Mars_bakim_x3.5,0.0002344627857802081,0.00023446278578088064,0.9999999999971316,optimal,False
cce_1382,Mars_bakim_x3.5,-8.063898834378095e-17,0.00023446278578088064,-3.4393086337864663e-13,optimal,True
cce_0210,Mars_bakim_x3.5,0.00023446278577961244,0.00023446278578088064,0.9999999999945911,optimal,False
cce_4018,Mars_bakim_x3.5,-8.063728792796013e-17,0.00023446278578088064,-3.439236109875469e-13,optimal,True
cce_0877,Mars_bakim_x3.5,0.0,0.00023446278578088064,0.0,optimal,True
cce_1671,Mars_bakim_x3.5,0.00023446278578027012,0.00023446278578088064,0.9999999999973961,optimal,False
cce_0707,Mars_bakim_x3.5,0.0002344627857802081,0.00023446278578088064,0.9999999999971316,optimal,False
cce_4040,Mars_bakim_x3.5,-8.063726838295075e-17,0.00023446278578088064,-3.439235276267299e-13,optimal,True
cce_2548,Mars_bakim_x3.5,0.00023446278578058077,0.00023446278578088064,0.999999999998721,optimal,False
cce_2372,Mars_bakim_x3.5,0.0002344627857802081,0.00023446278578088064,0.9999999999971316,optimal,False
cce_3990,Mars_bakim_x3.5,-8.063859744359223e-17,0.00023446278578088064,-3.4392919616230173e-13,optimal,True
cce_4039,Mars_bakim_x3.5,0.0002344627857801073,0.00023446278578088064,0.9999999999967016,optimal,False
cce_0490,Mars_bakim_x3.5,0.0002344627857802081,0.00023446278578088064,0.9999999999971316,optimal,False
cce_0225,Mars_bakim_x3.5,-8.063726838295075e-17,0.00023446278578088064,-3.439235276267299e-13,optimal,True
cce_3094,Mars_bakim_x3.5,0.0,0.00023446278578088064,0.0,optimal,True
cce_2087,Mars_bakim_x3.5,0.00023446278578037738,0.00023446278578088064,0.9999999999978536,optimal,False
cce_1202,Mars_bakim_x3.5,0.0002344627857802081,0.00023446278578088064,0.9999999999971316,optimal,False
cce_1084,Mars_bakim_x3.5,-3.4302030224504507e-15,0.00023446278578088064,-1.4630053170383203e-11,optimal,True
cce_3719,Mars_bakim_x3.5,0.00023446278578028018,0.00023446278578088064,0.999999999997439,optimal,False
cce_4023,Mars_bakim_x3.5,-8.063728792796013e-17,0.00023446278578088064,-3.439236109875469e-13,optimal,True
cce_0831,Mars_bakim_x3.5,0.0002344627857801043,0.00023446278578088064,0.9999999999966889,optimal,False
cce_3246,Mars_bakim_x3.5,0.0002344627857802081,0.00023446278578088064,0.9999999999971316,optimal,False
cce_2580,Mars_bakim_x3.5,0.0002344627857802081,0.00023446278578088064,0.9999999999971316,optimal,False
cce_1108,Mars_bakim_x3.5,-2.1644309403667504e-17,0.00023446278578088064,-9.231447682232776e-14,optimal,True
cce_4835,Mars_bakim_x3.5,0.00023446278578039066,0.00023446278578088064,0.9999999999979102,optimal,False
cce_1307,Mars_bakim_x3.5,,0.00023446278578088064,0.0,infeasible,True
cce_2361,Mars_bakim_x3.5,0.0002344627857801302,0.00023446278578088064,0.9999999999967993,optimal,False
cce_1486,Mars_bakim_x3.5,0.00023446278576145677,0.00023446278578088064,0.9999999999171559,optimal,False
cce_3265,Mars_bakim_x3.5,,0.00023446278578088064,0.0,infeasible,True
cce_4455,Mars_bakim_x3.5,0.00023446278578062615,0.00023446278578088064,0.9999999999989145,optimal,False
cce_2970,Mars_bakim_x3.5,0.00023446278576145677,0.00023446278578088064,0.9999999999171559,optimal,False
cce_2076,Mars_bakim_x3.5,0.00023446278576145677,0.00023446278578088064,0.9999999999171559,optimal,False
cce_0002,Mars_bakim_x3.5,0.00023446278576145677,0.00023446278578088064,0.9999999999171559,optimal,False
cce_4687,Mars_bakim_x3.5,0.00023446278576145677,0.00023446278578088064,0.9999999999171559,optimal,False
cce_3633,Mars_bakim_x3.5,,0.00023446278578088064,0.0,infeasible,True
cce_4017,Mars_bakim_x3.5,3.1880715754195777e-31,0.00023446278578088064,1.3597345799682767e-27,optimal,True
cce_4398,Mars_bakim_x3.5,0.0,0.00023446278578088064,0.0,optimal,True
cce_1689,Mars_bakim_x3.5,0.00023446278578026478,0.00023446278578088064,0.9999999999973733,optimal,False
cce_2115,Mars_bakim_x3.5,0.0002344627857780181,0.00023446278578088064,0.9999999999877911,optimal,False
cce_4329,Mars_bakim_x3.5,0.0002327504842080746,0.00023446278578088064,0.9926969153458481,optimal,False
cce_1710,Mars_bakim_x3.5,-1.2748481977663205e-17,0.00023446278578088064,-5.43731574936477e-14,optimal,True
cce_2124,Mars_bakim_x3.5,0.0,0.00023446278578088064,0.0,optimal,True
cce_4815,Mars_bakim_x3.5,0.0002344627857801631,0.00023446278578088064,0.9999999999969397,optimal,False
cce_4584,Mars_bakim_x3.5,0.0002344627857778997,0.00023446278578088064,0.9999999999872862,optimal,False
cce_0302,Mars_bakim_x3.5,0.0002344627857778997,0.00023446278578088064,0.9999999999872862,optimal,False
cce_2998,Mars_bakim_x3.5,0.0002344627857778997,0.00023446278578088064,0.9999999999872862,optimal,False
cce_2130,Mars_bakim_x3.5,-2.3022314503514096e-17,0.00023446278578088064,-9.819176389480339e-14,optimal,True
cce_1241,Mars_bakim_x3.5,0.00023446278577977217,0.00023446278578088064,0.9999999999952723,optimal,False
cce_4031,Mars_bakim_x3.5,-2.192482474162299e-18,0.00023446278578088064,-9.351089414297516e-15,optimal,True
cce_0636,Mars_bakim_x3.5,0.00023446278577924712,0.00023446278578088064,0.9999999999930329,optimal,False
cce_1401,Mars_bakim_x3.5,3.804457884112096e-18,0.00023446278578088064,1.622627604394152e-14,optimal,True
cce_3964,Mars_bakim_x3.5,0.00023446278577904844,0.00023446278578088064,0.9999999999921856,optimal,False
cce_3686,Mars_bakim_x3.5,-3.853572637138653e-17,0.00023446278578088064,-1.6435753863046074e-13,optimal,True
cce_3708,Mars_bakim_x3.5,0.00023445687085750774,0.00023446278578088064,0.9999747724426578,optimal,False
cce_1764,Mars_bakim_x3.5,,0.00023446278578088064,0.0,infeasible,True
cce_0841,Mars_bakim_x3.5,0.00023446278578025475,0.00023446278578088064,0.9999999999973306,optimal,False
cce_3702,Mars_bakim_x3.5,0.00023446278577845926,0.00023446278578088064,0.9999999999896727,optimal,False
cce_3290,Mars_bakim_x3.5,-3.639062767902874e-16,0.00023446278578088064,-1.5520854432326816e-12,optimal,True
cce_4328,Mars_bakim_x3.5,0.00023446278578026877,0.00023446278578088064,0.9999999999973903,optimal,False
cce_2066,Mars_bakim_x3.5,0.00023446278577966356,0.00023446278578088064,0.9999999999948092,optimal,False
cce_3425,Mars_bakim_x3.5,0.00023446278577966356,0.00023446278578088064,0.9999999999948092,optimal,False
cce_1107,Mars_bakim_x3.5,0.00023446278577966356,0.00023446278578088064,0.9999999999948092,optimal,False
cce_0389,Mars_bakim_x3.5,0.00023446278577966356,0.00023446278578088064,0.9999999999948092,optimal,False
cce_0392,Mars_bakim_x3.5,,0.00023446278578088064,0.0,infeasible,True
cce_4511,Mars_bakim_x3.5,0.00023446278578038288,0.00023446278578088064,0.999999999997877,optimal,False
cce_3637,Mars_bakim_x3.5,0.0002344627857710729,0.00023446278578088064,0.9999999999581692,optimal,False
cce_0745,Mars_bakim_x3.5,0.0002344627857710729,0.00023446278578088064,0.9999999999581692,optimal,False
cce_3366,Mars_bakim_x3.5,2.6002318833422067e-17,0.00023446278578088064,1.1090168849961023e-13,optimal,True
cce_4650,Mars_bakim_x3.5,0.0002344627857803986,0.00023446278578088064,0.9999999999979441,optimal,False
cce_1222,Mars_bakim_x3.5,0.0002344627857802081,0.00023446278578088064,0.9999999999971316,optimal,False
cce_0232,Mars_bakim_x3.5,-2.164337124321459e-17,0.00023446278578088064,-9.23104755031001e-14,optimal,True
cce_3493,Mars_bakim_x3.5,6.044266961460535e-14,0.00023446278578088064,2.577921669458138e-10,optimal,True
cce_0804,Mars_bakim_x3.5,,0.00023446278578088064,0.0,infeasible,True
cce_3253,Mars_bakim_x3.5,0.00023446278577967321,0.00023446278578088064,0.9999999999948502,optimal,False
cce_3394,Mars_bakim_x3.5,,0.00023446278578088064,0.0,infeasible,True
cce_5179,Mars_bakim_x3.5,0.0002344627857800195,0.00023446278578088064,0.9999999999963273,optimal,False
cce_0401,Mars_bakim_x3.5,0.00023446278578324571,0.00023446278578088064,1.0000000000100873,optimal,False
cce_2325,Mars_bakim_x3.5,0.00023446278578324571,0.00023446278578088064,1.0000000000100873,optimal,False
cce_0654,Mars_bakim_x3.5,0.00023446278578324571,0.00023446278578088064,1.0000000000100873,optimal,False
cce_2439,Mars_bakim_x3.5,0.00023446278578324571,0.00023446278578088064,1.0000000000100873,optimal,False
cce_1455,Mars_bakim_x3.5,0.00023446278578324571,0.00023446278578088064,1.0000000000100873,optimal,False
cce_4354,Mars_bakim_x3.5,6.389015439453727e-14,0.00023446278578088064,2.7249592800729756e-10,optimal,True
cce_3497,Mars_bakim_x3.5,0.0002344627857786967,0.00023446278578088064,0.9999999999906853,optimal,False
cce_4140,Mars_bakim_x3.5,-1.480466937233812e-17,0.00023446278578088064,-6.314293896590464e-14,optimal,True
cce_0559,Mars_bakim_x3.5,1.4412313266011178e-15,0.00023446278578088064,6.146951303171983e-12,optimal,True
cce_3490,Mars_bakim_x3.5,0.0,0.00023446278578088064,0.0,optimal,True
cce_4130,Mars_bakim_x3.5,0.0,0.00023446278578088064,0.0,optimal,True
cce_2312,Mars_bakim_x3.5,0.0,0.00023446278578088064,0.0,optimal,True
cce_4376,Mars_bakim_x3.5,0.00023446278578147405,0.00023446278578088064,1.0000000000025309,optimal,False
cce_4267,Mars_bakim_x3.5,-2.6166397024575167e-18,0.00023446278578088064,-1.1160149333476407e-14,optimal,True
cce_3266,Mars_bakim_x3.5,0.0,0.00023446278578088064,0.0,optimal,True
cce_1635,Mars_bakim_x3.5,0.00023446278578083448,0.00023446278578088064,0.9999999999998032,optimal,False
cce_2615,Mars_bakim_x3.5,-1.5640324709432817e-17,0.00023446278578088064,-6.670706678393571e-14,optimal,True
cce_1340,Mars_bakim_x3.5,0.0,0.00023446278578088064,0.0,optimal,True
cce_3826,Mars_bakim_x3.5,0.00023446278577973932,0.00023446278578088064,0.9999999999951322,optimal,False
cce_0805,Mars_bakim_x3.5,0.00023446278577709482,0.00023446278578088064,0.9999999999838532,optimal,False
cce_1584,Mars_bakim_x3.5,-1.480466937233812e-17,0.00023446278578088064,-6.314293896590464e-14,optimal,True
cce_4679,Mars_bakim_x3.5,0.0,0.00023446278578088064,0.0,optimal,True
cce_1211,Mars_bakim_x3.5,-6.278334858279214e-16,0.00023446278578088064,-2.677753246584168e-12,optimal,True
cce_0666,Mars_bakim_x3.5,0.00023446278577906506,0.00023446278578088064,0.9999999999922564,optimal,False
cce_2132,Mars_bakim_x3.5,0.0002344627857830528,0.00023446278578088064,1.0000000000092644,optimal,False
cce_2783,Mars_bakim_x3.5,2.2557009311670243e-17,0.00023446278578088064,9.62072050647351e-14,optimal,True
cce_0606,Mars_bakim_x3.5,0.0,0.00023446278578088064,0.0,optimal,True
cce_4595,Mars_bakim_x3.5,0.00023446278577902942,0.00023446278578088064,0.9999999999921044,optimal,False
cce_0571,Mars_bakim_x3.5,0.0002344627857830528,0.00023446278578088064,1.0000000000092644,optimal,False
cce_1273,Mars_bakim_x3.5,6.86955057654091e-14,0.00023446278578088064,2.929910840077159e-10,optimal,True
cce_0843,Mars_bakim_x3.5,0.00023446278577996337,0.00023446278578088064,0.9999999999960878,optimal,False
cce_4037,Mars_bakim_x3.5,-3.90070418722066e-17,0.00023446278578088064,-1.6636773184406755e-13,optimal,True
cce_2059,Mars_bakim_x3.5,0.0,0.00023446278578088064,0.0,optimal,True
cce_4861,Mars_bakim_x3.5,0.00023446278578034702,0.00023446278578088064,0.999999999997724,optimal,False
cce_4305,Mars_bakim_x3.5,1.0310278394578573e-17,0.00023446278578088064,4.397405055237269e-14,optimal,True
cce_3617,Mars_bakim_x3.5,5.240834318467954e-14,0.00023446278578088064,2.2352520895856898e-10,optimal,True
cce_4417,Mars_bakim_x3.5,0.0002344627857800188,0.00023446278578088064,0.9999999999963243,optimal,False
cce_4388,Mars_bakim_x3.5,-6.048557770419784e-18,0.00023446278578088064,-2.579751729160345e-14,optimal,True
cce_1376,Mars_bakim_x3.5,0.00023446278577945076,0.00023446278578088064,0.9999999999939015,optimal,False
cce_0400,Mars_bakim_x3.5,0.0002344627857830528,0.00023446278578088064,1.0000000000092644,optimal,False
cce_1321,Mars_bakim_x3.5,-6.351834682425669e-18,0.00023446278578088064,-2.7091014300076748e-14,optimal,True
cce_4109,Mars_bakim_x3.5,0.00023446278578030517,0.00023446278578088064,0.9999999999975456,optimal,False
cce_3488,Mars_bakim_x3.5,0.0002344627857830528,0.00023446278578088064,1.0000000000092644,optimal,False
cce_2632,Mars_bakim_x3.5,0.0002344627857830528,0.00023446278578088064,1.0000000000092644,optimal,False
cce_4717,Mars_bakim_x3.5,,0.00023446278578088064,0.0,infeasible,True
cce_1865,Mars_bakim_x3.5,0.00023446278578035775,0.00023446278578088064,0.9999999999977699,optimal,False
cce_2467,Mars_bakim_x3.5,0.00023446278577946613,0.00023446278578088064,0.999999999993967,optimal,False
cce_3026,Mars_bakim_x3.5,0.00023446278577946613,0.00023446278578088064,0.999999999993967,optimal,False
cce_2775,Mars_bakim_x3.5,0.00023446278577946613,0.00023446278578088064,0.999999999993967,optimal,False
cce_4877,Mars_bakim_x3.5,0.00023446278577946613,0.00023446278578088064,0.999999999993967,optimal,False
cce_1604,Mars_bakim_x3.5,0.00023446278577946613,0.00023446278578088064,0.999999999993967,optimal,False
cce_3828,Mars_bakim_x3.5,0.00023446278577946613,0.00023446278578088064,0.999999999993967,optimal,False
cce_4723,Mars_bakim_x3.5,0.00023446278577946613,0.00023446278578088064,0.999999999993967,optimal,False
cce_1383,Mars_bakim_x3.5,,0.00023446278578088064,0.0,infeasible,True
cce_3473,Mars_bakim_x3.5,0.00023446278578036277,0.00023446278578088064,0.9999999999977912,optimal,False
cce_0624,Mars_bakim_x3.5,0.00023446278579048276,0.00023446278578088064,1.0000000000409537,optimal,False
cce_2600,Mars_bakim_x3.5,4.230131066912237e-14,0.00023446278578088064,1.8041801613948002e-10,optimal,True
cce_3201,Mars_bakim_x3.5,1.173139464515817e-15,0.00023446278578088064,5.003520966487983e-12,optimal,True
cce_1190,Mars_bakim_x3.5,0.00023446278578026383,0.00023446278578088064,0.9999999999973693,optimal,False
cce_4743,Mars_bakim_x3.5,0.00023446278578014468,0.00023446278578088064,0.9999999999968611,optimal,False
cce_0747,Mars_bakim_x3.5,0.00023446278578014468,0.00023446278578088064,0.9999999999968611,optimal,False
cce_0902,Mars_bakim_x3.5,-1.5846599757534923e-17,0.00023446278578088064,-6.75868441328873e-14,optimal,True
cce_2737,Mars_bakim_x3.5,0.00023446278578023827,0.00023446278578088064,0.9999999999972603,optimal,False
cce_1977,Mars_bakim_x3.5,,0.00023446278578088064,0.0,infeasible,True
cce_3933,Mars_bakim_x3.5,0.0,0.00023446278578088064,0.0,optimal,True
cce_4582,Mars_bakim_x3.5,-4.605164356484649e-32,0.00023446278578088064,-1.9641344536392434e-28,optimal,True
cce_1763,Mars_bakim_x3.5,,0.00023446278578088064,0.0,infeasible,True
cce_4087,Mars_bakim_x3.5,-3.572128011818472e-30,0.00023446278578088064,-1.5235373067506062e-26,optimal,True
cce_3477,Mars_bakim_x3.5,0.00023446278578025394,0.00023446278578088064,0.9999999999973271,optimal,False
cce_1645,Mars_bakim_x3.5,0.0002344627857780166,0.00023446278578088064,0.9999999999877848,optimal,False
cce_2485,Mars_bakim_x3.5,0.0002344627857780166,0.00023446278578088064,0.9999999999877848,optimal,False
cce_2927,Mars_bakim_x3.5,-9.33628811289985e-14,0.00023446278578088064,-3.9819914626558964e-10,optimal,True
cce_4599,Mars_bakim_x3.5,0.0002344627857792502,0.00023446278578088064,0.9999999999930461,optimal,False
cce_5176,Mars_bakim_x3.5,0.00023446278577540113,0.00023446278578088064,0.9999999999766296,optimal,False
cce_4608,Mars_bakim_x3.5,0.00023446278577540113,0.00023446278578088064,0.9999999999766296,optimal,False
cce_1970,Mars_bakim_x3.5,0.00023446278577540113,0.00023446278578088064,0.9999999999766296,optimal,False
cce_2570,Mars_bakim_x3.5,0.00023446278577540113,0.00023446278578088064,0.9999999999766296,optimal,False
cce_3533,Mars_bakim_x3.5,-1.6221607678362457e-17,0.00023446278578088064,-6.918627885587997e-14,optimal,True
cce_2106,Mars_bakim_x3.5,0.00023446278577959393,0.00023446278578088064,0.9999999999945122,optimal,False
cce_2466,Mars_bakim_x3.5,0.0002344627857769415,0.00023446278578088064,0.9999999999831993,optimal,False
cce_4821,Mars_bakim_x3.5,0.0002344627857769415,0.00023446278578088064,0.9999999999831993,optimal,False
cce_4658,Mars_bakim_x3.5,-4.2656820191499207e-17,0.00023446278578088064,-1.8193428884430525e-13,optimal,True
cce_0887,Mars_bakim_x3.5,0.00023446278578072841,0.00023446278578088064,0.9999999999993507,optimal,False
cce_0223,Mars_bakim_x3.5,5.947922815455504e-17,0.00023446278578088064,2.536830224739456e-13,optimal,True
cce_0342,Mars_bakim_x3.5,0.00023446278578078515,0.00023446278578088064,0.9999999999995928,optimal,False
cce_0450,Mars_bakim_x3.5,0.0002344627857769415,0.00023446278578088064,0.9999999999831993,optimal,False
cce_4862,Mars_bakim_x3.5,0.0002344627857769415,0.00023446278578088064,0.9999999999831993,optimal,False
cce_1531,Mars_bakim_x3.5,0.0002344627857769415,0.00023446278578088064,0.9999999999831993,optimal,False
cce_1351,Mars_bakim_x3.5,5.947922815455505e-17,0.00023446278578088064,2.5368302247394567e-13,optimal,True
cce_0309,Mars_bakim_x3.5,0.0,0.00023446278578088064,0.0,optimal,True
cce_3947,Mars_bakim_x3.5,0.00023446278578013424,0.00023446278578088064,0.9999999999968165,optimal,False
cce_4200,Mars_bakim_x3.5,-7.930563753920105e-17,0.00023446278578088064,-3.382440299643836e-13,optimal,True
cce_1181,Mars_bakim_x3.5,0.0002344627857799454,0.00023446278578088064,0.9999999999960112,optimal,False
cce_0206,Mars_bakim_x3.5,0.0002344627857769415,0.00023446278578088064,0.9999999999831993,optimal,False
cce_4090,Mars_bakim_x3.5,5.947922815455504e-17,0.00023446278578088064,2.536830224739456e-13,optimal,True
cce_4325,Mars_bakim_x3.5,,0.00023446278578088064,0.0,infeasible,True
cce_2257,Mars_bakim_x3.5,0.00023446278578020437,0.00023446278578088064,0.9999999999971156,optimal,False
cce_0735,Mars_bakim_x3.5,0.00023327571628401302,0.00023446278578088064,0.9949370664819406,optimal,False
cce_3414,Mars_bakim_x3.5,0.00023446278577185712,0.00023446278578088064,0.9999999999615141,optimal,False
cce_0623,Mars_bakim_x3.5,0.00023446278579048276,0.00023446278578088064,1.0000000000409537,optimal,False
cce_0886,Mars_bakim_x3.5,0.00023446278579048276,0.00023446278578088064,1.0000000000409537,optimal,False
cce_4356,Mars_bakim_x3.5,0.00023446278579048276,0.00023446278578088064,1.0000000000409537,optimal,False
cce_4752,Mars_bakim_x3.5,0.00023446278579048276,0.00023446278578088064,1.0000000000409537,optimal,False
cce_4735,Mars_bakim_x3.5,0.00023446278579048276,0.00023446278578088064,1.0000000000409537,optimal,False
cce_4634,Mars_bakim_x3.5,0.00023446278579048276,0.00023446278578088064,1.0000000000409537,optimal,False
cce_0133,Mars_bakim_x3.5,0.00023446278579048276,0.00023446278578088064,1.0000000000409537,optimal,False
cce_4750,Mars_bakim_x3.5,0.00023446278579048276,0.00023446278578088064,1.0000000000409537,optimal,False
cce_0659,Mars_bakim_x3.5,,0.00023446278578088064,0.0,infeasible,True
cce_0660,Mars_bakim_x3.5,0.00023446278578033398,0.00023446278578088064,0.9999999999976685,optimal,False
cce_3096,Mars_bakim_x3.5,0.00023341309684337557,0.00023446278578088064,0.9955230040707354,optimal,False
cce_4627,Mars_bakim_x3.5,0.00023446278578099892,0.00023446278578088064,1.0000000000005045,optimal,False
cce_4382,Mars_bakim_x3.5,0.0002344627857830528,0.00023446278578088064,1.0000000000092644,optimal,False
cce_2121,Mars_bakim_x3.5,-3.0211852506517576e-17,0.00023446278578088064,-1.2885564080413317e-13,optimal,True
cce_4008,Mars_bakim_x3.5,0.00023446278577975122,0.00023446278578088064,0.999999999995183,optimal,False
cce_3176,Mars_bakim_x3.5,0.0002344627857830528,0.00023446278578088064,1.0000000000092644,optimal,False
cce_0426,Mars_bakim_x3.5,6.868232346617442e-14,0.00023446278578088064,2.9293486058961235e-10,optimal,True
cce_1829,Mars_bakim_x3.5,0.00023446278577956322,0.00023446278578088064,0.9999999999943812,optimal,False
cce_0578,Mars_bakim_x3.5,0.0002344627857830528,0.00023446278578088064,1.0000000000092644,optimal,False
cce_3232,Mars_bakim_x3.5,0.0002344627857830528,0.00023446278578088064,1.0000000000092644,optimal,False
cce_1174,Mars_bakim_x3.5,1.513798563366645e-17,0.00023446278578088064,6.456455587716933e-14,optimal,True
cce_4440,Mars_bakim_x3.5,0.00023446278578001555,0.00023446278578088064,0.9999999999963104,optimal,False
cce_4545,Mars_bakim_x3.5,-3.813013256257466e-17,0.00023446278578088064,-1.6262765297947762e-13,optimal,True
cce_1484,Mars_bakim_x3.5,0.0002344627857792986,0.00023446278578088064,0.9999999999932525,optimal,False
cce_0882,Mars_bakim_x3.5,0.0002344627857830528,0.00023446278578088064,1.0000000000092644,optimal,False
cce_4693,Mars_bakim_x3.5,-2.5965840511348905e-17,0.00023446278578088064,-1.1074610593262984e-13,optimal,True
cce_0884,Mars_bakim_x3.5,0.00023446278578016542,0.00023446278578088064,0.9999999999969496,optimal,False
cce_1837,Mars_bakim_x3.5,,0.00023446278578088064,0.0,infeasible,True
cce_0199,Mars_bakim_x3.5,-1.372775627617684e-32,0.00023446278578088064,-5.854983011677701e-29,optimal,True
cce_1618,Mars_bakim_x3.5,0.00023446278578028666,0.00023446278578088064,0.9999999999974666,optimal,False
cce_1830,Mars_bakim_x3.5,0.00023446278577920972,0.00023446278578088064,0.9999999999928734,optimal,False
cce_5190,Mars_bakim_x3.5,0.00023446278577920972,0.00023446278578088064,0.9999999999928734,optimal,False
cce_1603,Mars_bakim_x3.5,0.00023446278577920972,0.00023446278578088064,0.9999999999928734,optimal,False
cce_3196,Mars_bakim_x3.5,0.00023446278577920972,0.00023446278578088064,0.9999999999928734,optimal,False
cce_4032,Mars_bakim_x3.5,-2.838776474762536e-17,0.00023446278578088064,-1.210757803336663e-13,optimal,True
cce_4852,Mars_bakim_x3.5,0.0002344627857797331,0.00023446278578088064,0.9999999999951056,optimal,False
cce_3510,Mars_bakim_x3.5,0.00023446278577920972,0.00023446278578088064,0.9999999999928734,optimal,False
cce_3237,Mars_bakim_x3.5,-1.3073360326243041e-17,0.00023446278578088064,-5.575878612335892e-14,optimal,True
cce_3553,Mars_bakim_x3.5,0.00023446278577997148,0.00023446278578088064,0.9999999999961223,optimal,False
cce_0030,Mars_bakim_x3.5,0.00023446278577920972,0.00023446278578088064,0.9999999999928734,optimal,False
cce_3879,Mars_bakim_x3.5,0.00023446278577920972,0.00023446278578088064,0.9999999999928734,optimal,False
cce_1900,Mars_bakim_x3.5,-2.2574448921675275e-17,0.00023446278578088064,-9.628158620776789e-14,optimal,True
cce_3021,Mars_bakim_x3.5,2.5840042946146915e-16,0.00023446278578088064,1.1020957061516777e-12,optimal,True
cce_1619,Mars_bakim_x3.5,0.00023446278578049257,0.00023446278578088064,0.9999999999983449,optimal,False
cce_0440,Mars_bakim_x3.5,0.00023446278577920972,0.00023446278578088064,0.9999999999928734,optimal,False
cce_3324,Mars_bakim_x3.5,0.00023446278577920972,0.00023446278578088064,0.9999999999928734,optimal,False
cce_2967,Mars_bakim_x3.5,0.00023446278577920972,0.00023446278578088064,0.9999999999928734,optimal,False
cce_2282,Mars_bakim_x3.5,-1.5415321053889938e-17,0.00023446278578088064,-6.574741062872326e-14,optimal,True
cce_3662,Mars_bakim_x3.5,0.00023446278578001897,0.00023446278578088064,0.9999999999963249,optimal,False
cce_1828,Mars_bakim_x3.5,0.00023446278577920972,0.00023446278578088064,0.9999999999928734,optimal,False
cce_3591,Mars_bakim_x3.5,0.00023446278577920972,0.00023446278578088064,0.9999999999928734,optimal,False
cce_4053,Mars_bakim_x3.5,0.00023446278577920972,0.00023446278578088064,0.9999999999928734,optimal,False
cce_2871,Mars_bakim_x3.5,0.00023445687085540167,0.00023446278578088064,0.9999747724336753,optimal,False
cce_3091,Mars_bakim_x3.5,0.00023446278577872971,0.00023446278578088064,0.9999999999908261,optimal,False
cce_3396,Mars_bakim_x3.5,0.0002344627857787675,0.00023446278578088064,0.9999999999909873,optimal,False
cce_2961,Mars_bakim_x3.5,0.0002344627857787675,0.00023446278578088064,0.9999999999909873,optimal,False
cce_0549,Mars_bakim_x3.5,0.0002344627857787675,0.00023446278578088064,0.9999999999909873,optimal,False
cce_1569,Mars_bakim_x3.5,-1.1259306224749858e-17,0.00023446278578088064,-4.802171989576353e-14,optimal,True
cce_2713,Mars_bakim_x3.5,0.00023446278578107048,0.00023446278578088064,1.0000000000008098,optimal,False
cce_2962,Mars_bakim_x3.5,0.0002344627857787675,0.00023446278578088064,0.9999999999909873,optimal,False
cce_0509,Mars_bakim_x3.5,0.0002344627857787675,0.00023446278578088064,0.9999999999909873,optimal,False
cce_1223,Mars_bakim_x3.5,0.0002344627857787675,0.00023446278578088064,0.9999999999909873,optimal,False
cce_2391,Mars_bakim_x3.5,0.0002344627857787675,0.00023446278578088064,0.9999999999909873,optimal,False
cce_2315,Mars_bakim_x3.5,0.00023446278577879536,0.00023446278578088064,0.9999999999911061,optimal,False
cce_3292,Mars_bakim_x3.5,-4.1692789893452023e-17,0.00023446278578088064,-1.778226329376484e-13,optimal,True
cce_1317,Mars_bakim_x3.5,0.0,0.00023446278578088064,0.0,optimal,True
cce_5189,Mars_bakim_x3.5,0.000234462785778993,0.00023446278578088064,0.9999999999919491,optimal,False
cce_4647,Mars_bakim_x3.5,0.00023446278578037168,0.00023446278578088064,0.9999999999978293,optimal,False
cce_3280,Mars_bakim_x3.5,-9.065971967983925e-18,0.00023446278578088064,-3.8666997569740613e-14,optimal,True
cce_2759,Mars_bakim_x3.5,0.0002344627857803669,0.00023446278578088064,0.9999999999978089,optimal,False
cce_3827,Mars_bakim_x3.5,0.00023446278578037168,0.00023446278578088064,0.9999999999978293,optimal,False
cce_2955,Mars_bakim_x3.5,,0.00023446278578088064,0.0,infeasible,True
cce_0619,Mars_bakim_x3.5,0.00023446278578034862,0.00023446278578088064,0.9999999999977309,optimal,False
cce_3969,Mars_bakim_x3.5,0.00023446278577998845,0.00023446278578088064,0.9999999999961947,optimal,False
cce_0557,Mars_bakim_x3.5,0.00023446278577998845,0.00023446278578088064,0.9999999999961947,optimal,False
cce_1690,Mars_bakim_x3.5,0.00023446278577998845,0.00023446278578088064,0.9999999999961947,optimal,False
cce_0404,Mars_bakim_x3.5,0.00023446278577998845,0.00023446278578088064,0.9999999999961947,optimal,False
cce_1744,Mars_bakim_x3.5,0.00023446278577998845,0.00023446278578088064,0.9999999999961947,optimal,False
cce_3593,Mars_bakim_x3.5,0.00023446278577998845,0.00023446278578088064,0.9999999999961947,optimal,False
cce_0957,Mars_bakim_x3.5,4.0778740396875193e-17,0.00023446278578088064,1.7392414860661658e-13,optimal,True
cce_3122,Mars_bakim_x3.5,0.00023446278578098298,0.00023446278578088064,1.0000000000004365,optimal,False
cce_0835,Mars_bakim_x3.5,3.4245616210162785e-17,0.00023446278578088064,1.4605992203030184e-13,optimal,True
cce_1473,Mars_bakim_x3.5,0.0002344627857799754,0.00023446278578088064,0.9999999999961391,optimal,False
fig_43989_3_peg_2191,Mars_bakim_x3.5,0.00023446278577979725,0.00023446278578088064,0.9999999999953793,optimal,False
cce_3275,Mars_bakim_x3.5,-7.20960341266257e-17,0.00023446278578088064,-3.0749457269523243e-13,optimal,True
cce_1895,Mars_bakim_x3.5,0.0002344627857794861,0.00023446278578088064,0.9999999999940522,optimal,False
cce_2224,Mars_bakim_x3.5,,0.00023446278578088064,0.0,infeasible,True
cce_1774,Mars_bakim_x3.5,0.0002344627857803603,0.00023446278578088064,0.9999999999977808,optimal,False
cce_4052,Mars_bakim_x3.5,0.00023446278579005334,0.00023446278578088064,1.0000000000391223,optimal,False
cce_3186,Mars_bakim_x3.5,6.530576889783456e-17,0.00023446278578088064,2.7853362178706975e-13,optimal,True
cce_4221,Mars_bakim_x3.5,-3.7578240536313084e-16,0.00023446278578088064,-1.602737953110912e-12,optimal,True
cce_4003,Mars_bakim_x3.5,-1.8590136071667205e-17,0.00023446278578088064,-7.928821629305722e-14,optimal,True
cce_4021,Mars_bakim_x3.5,0.0,0.00023446278578088064,0.0,optimal,True
cce_3483,Mars_bakim_x3.5,0.00023446278578028226,0.00023446278578088064,0.9999999999974479,optimal,False
cce_3372,Mars_bakim_x3.5,-4.253709730673755e-17,0.00023446278578088064,-1.8142366245912894e-13,optimal,True
cce_5234,Mars_bakim_x3.5,0.00023446278578029,0.00023446278578088064,0.9999999999974809,optimal,False
cce_4027,Mars_bakim_x3.5,-5.00286615252848e-17,0.00023446278578088064,-2.133757020700059e-13,optimal,True
cce_4378,Mars_bakim_x3.5,0.0,0.00023446278578088064,0.0,optimal,True
cce_4866,Mars_bakim_x3.5,0.00023446278578026774,0.00023446278578088064,0.999999999997386,optimal,False
cce_3751,Mars_bakim_x3.5,-4.253709730673755e-17,0.00023446278578088064,-1.8142366245912894e-13,optimal,True
cce_3951,Mars_bakim_x3.5,0.0002318041326866029,0.00023446278578088064,0.988660660644191,optimal,False
cce_1331,Mars_bakim_x3.5,0.0002344627857739885,0.00023446278578088064,0.9999999999706045,optimal,False
cce_4024,Mars_bakim_x3.5,-5.00286615252848e-17,0.00023446278578088064,-2.133757020700059e-13,optimal,True
cce_2295,Mars_bakim_x3.5,0.00023446278578011467,0.00023446278578088064,0.9999999999967332,optimal,False
cce_0669,Mars_bakim_x3.5,0.00023446278578064054,0.00023446278578088064,0.9999999999989759,optimal,False
cce_4518,Mars_bakim_x3.5,,0.00023446278578088064,0.0,infeasible,True
cce_4151,Mars_bakim_x3.5,0.00023446278578016178,0.00023446278578088064,0.999999999996934,optimal,False
cce_3838,Mars_bakim_x3.5,0.00023446278578208144,0.00023446278578088064,1.0000000000051215,optimal,False
cce_2896,Mars_bakim_x3.5,0.00023446278578208144,0.00023446278578088064,1.0000000000051215,optimal,False
cce_1063,Mars_bakim_x3.5,0.00023446278578208144,0.00023446278578088064,1.0000000000051215,optimal,False
cce_1781,Mars_bakim_x3.5,9.650316928218655e-18,0.00023446278578088064,4.115926924641017e-14,optimal,True
cce_0476,Mars_bakim_x3.5,1.1981611081057822e-31,0.00023446278578088064,5.110240007237373e-28,optimal,True
cce_4237,Mars_bakim_x3.5,0.0,0.00023446278578088064,0.0,optimal,True
cce_3420,Mars_bakim_x3.5,0.0002344627857802668,0.00023446278578088064,0.9999999999973819,optimal,False
cce_2884,Mars_bakim_x3.5,0.00023446278578208144,0.00023446278578088064,1.0000000000051215,optimal,False
cce_2108,Mars_bakim_x3.5,0.00023446278578208144,0.00023446278578088064,1.0000000000051215,optimal,False
cce_1078,Mars_bakim_x3.5,-2.5463100025601943e-17,0.00023446278578088064,-1.0860188298452923e-13,optimal,True
cce_0396,Mars_bakim_x3.5,8.70132538723447e-15,0.00023446278578088064,3.711175467891256e-11,optimal,True
cce_4404,Mars_bakim_x3.5,0.0002344627857804302,0.00023446278578088064,0.9999999999980789,optimal,False
cce_2380,Mars_bakim_x3.5,4.502966890951487e-14,0.00023446278578088064,1.9205465276522716e-10,optimal,True
cce_1688,Mars_bakim_x3.5,0.0002344627857843471,0.00023446278578088064,1.0000000000147846,optimal,False
cce_1760,Mars_bakim_x3.5,0.00023446278578208144,0.00023446278578088064,1.0000000000051215,optimal,False
cce_1730,Mars_bakim_x3.5,0.00023446278578208144,0.00023446278578088064,1.0000000000051215,optimal,False
cce_0279,Mars_bakim_x3.5,0.00023446278578208144,0.00023446278578088064,1.0000000000051215,optimal,False
cce_1004,Mars_bakim_x3.5,0.00023446278578208144,0.00023446278578088064,1.0000000000051215,optimal,False
cce_0248,Mars_bakim_x3.5,0.00023446278578208144,0.00023446278578088064,1.0000000000051215,optimal,False
cce_2609,Mars_bakim_x3.5,0.00023327571627420156,0.00023446278578088064,0.9949370664400939,optimal,False
cce_4219,Mars_bakim_x3.5,-4.398691077050819e-15,0.00023446278578088064,-1.8760721717098665e-11,optimal,True
cce_0219,Mars_bakim_x3.5,0.0,0.00023446278578088064,0.0,optimal,True
cce_4406,Mars_bakim_x3.5,0.00023446278578042102,0.00023446278578088064,0.9999999999980397,optimal,False
cce_2946,Mars_bakim_x3.5,0.0002344627857787675,0.00023446278578088064,0.9999999999909873,optimal,False
cce_1700,Mars_bakim_x3.5,0.0002344627857787675,0.00023446278578088064,0.9999999999909873,optimal,False
cce_3411,Mars_bakim_x3.5,0.0002344627857787675,0.00023446278578088064,0.9999999999909873,optimal,False
cce_3260,Mars_bakim_x3.5,1.5183155125817826e-17,0.00023446278578088064,6.475720688573318e-14,optimal,True
cce_4152,Mars_bakim_x3.5,0.0,0.00023446278578088064,0.0,optimal,True
cce_2226,Mars_bakim_x3.5,0.00023446278577974298,0.00023446278578088064,0.9999999999951479,optimal,False
cce_0753,Mars_bakim_x3.5,0.0002344627857787675,0.00023446278578088064,0.9999999999909873,optimal,False
cce_1357,Mars_bakim_x3.5,0.0002344627857787675,0.00023446278578088064,0.9999999999909873,optimal,False
cce_0995,Mars_bakim_x3.5,-2.5539436566200718e-15,0.00023446278578088064,-1.0892746361065946e-11,optimal,True
cce_2454,Mars_bakim_x3.5,0.0002344627857796038,0.00023446278578088064,0.9999999999945542,optimal,False
cce_1583,Mars_bakim_x3.5,0.0002344627857787675,0.00023446278578088064,0.9999999999909873,optimal,False
cce_4460,Mars_bakim_x3.5,-6.990559160772675e-17,0.00023446278578088064,-2.981521838312442e-13,optimal,True
cce_2082,Mars_bakim_x3.5,0.0,0.00023446278578088064,0.0,optimal,True
cce_3164,Mars_bakim_x3.5,1.9599106084551284e-18,0.00023446278578088064,8.359154319213715e-15,optimal,True
cce_4160,Mars_bakim_x3.5,0.00023446278578313404,0.00023446278578088064,1.000000000009611,optimal,False
cce_0064,Mars_bakim_x3.5,1.858166772756371e-17,0.00023446278578088064,7.925209821966962e-14,optimal,True
cce_4025,Mars_bakim_x3.5,-5.901960987749675e-31,0.00023446278578088064,-2.5172271872882237e-27,optimal,True
cce_2468,Mars_bakim_x3.5,0.00023446278578010156,0.00023446278578088064,0.9999999999966772,optimal,False
cce_4620,Mars_bakim_x3.5,0.0002344627857787675,0.00023446278578088064,0.9999999999909873,optimal,False
cce_4831,Mars_bakim_x3.5,0.0002344627857787675,0.00023446278578088064,0.9999999999909873,optimal,False
cce_2975,Mars_bakim_x3.5,-1.7088684960552804e-17,0.00023446278578088064,-7.288442344331434e-14,optimal,True
cce_4228,Mars_bakim_x3.5,0.00023446278578002,0.00023446278578088064,0.9999999999963293,optimal,False
cce_1693,Mars_bakim_x3.5,0.0002344627857787675,0.00023446278578088064,0.9999999999909873,optimal,False
cce_0846,Mars_bakim_x3.5,0.0002344627857787675,0.00023446278578088064,0.9999999999909873,optimal,False
cce_3178,Mars_bakim_x3.5,-2.927674704593668e-17,0.00023446278578088064,-1.248673513301063e-13,optimal,True
cce_4412,Mars_bakim_x3.5,0.0002344627857793018,0.00023446278578088064,0.9999999999932662,optimal,False
cce_3415,Mars_bakim_x3.5,0.0002344627857787675,0.00023446278578088064,0.9999999999909873,optimal,False
cce_0883,Mars_bakim_x3.5,0.0002344627857787675,0.00023446278578088064,0.9999999999909873,optimal,False
cce_0103,Mars_bakim_x3.5,-1.875944467643736e-15,0.00023446278578088064,-8.001032920409455e-12,optimal,True
cce_0998,Mars_bakim_x3.5,1.8158217488332757e-18,0.00023446278578088064,7.744605365775482e-15,optimal,True
cce_2075,Mars_bakim_x3.5,0.00023446278578070491,0.00023446278578088064,0.9999999999992505,optimal,False
cce_3285,Mars_bakim_x3.5,0.0002344627857787675,0.00023446278578088064,0.9999999999909873,optimal,False
cce_1758,Mars_bakim_x3.5,-3.4266321260225915e-17,0.00023446278578088064,-1.4614823050106477e-13,optimal,True
cce_3103,Mars_bakim_x3.5,0.0,0.00023446278578088064,0.0,optimal,True
cce_0144,Mars_bakim_x3.5,0.00023446278577997416,0.00023446278578088064,0.9999999999961339,optimal,False
cce_1507,Mars_bakim_x3.5,,0.00023446278578088064,0.0,infeasible,True
cce_3916,Mars_bakim_x3.5,0.00023446278578016116,0.00023446278578088064,0.9999999999969313,optimal,False
cce_1311,Mars_bakim_x3.5,0.00023446278579048276,0.00023446278578088064,1.0000000000409537,optimal,False
cce_4432,Mars_bakim_x3.5,9.734332773838053e-14,0.00023446278578088064,4.151760263965883e-10,optimal,True
cce_0818,Mars_bakim_x3.5,0.0002344627857795296,0.00023446278578088064,0.9999999999942378,optimal,False
cce_0293,Mars_bakim_x3.5,-1.5405952600722314e-17,0.00023446278578088064,-6.570745352791333e-14,optimal,True
cce_1003,Mars_bakim_x3.5,0.00023446278577958442,0.00023446278578088064,0.9999999999944715,optimal,False
cce_1620,Mars_bakim_x3.5,0.00023446278578014468,0.00023446278578088064,0.9999999999968611,optimal,False
cce_4020,Mars_bakim_x3.5,-7.176705388523637e-17,0.00023446278578088064,-3.060914492089458e-13,optimal,True
cce_3612,Mars_bakim_x3.5,0.00023446278578008044,0.00023446278578088064,0.9999999999965871,optimal,False
cce_0231,Mars_bakim_x3.5,0.00023446278578014468,0.00023446278578088064,0.9999999999968611,optimal,False
cce_2966,Mars_bakim_x3.5,6.310913655325755e-18,0.00023446278578088064,2.6916483288839183e-14,optimal,True
cce_0940,Mars_bakim_x3.5,0.0,0.00023446278578088064,0.0,optimal,True
cce_2378,Mars_bakim_x3.5,0.00023446278578027923,0.00023446278578088064,0.9999999999974349,optimal,False
cce_3100,Mars_bakim_x3.5,0.00023446278578014468,0.00023446278578088064,0.9999999999968611,optimal,False
cce_0136,Mars_bakim_x3.5,-7.176705388523637e-17,0.00023446278578088064,-3.060914492089458e-13,optimal,True
cce_3755,Mars_bakim_x3.5,0.0002344627857801162,0.00023446278578088064,0.9999999999967396,optimal,False
cce_4118,Mars_bakim_x3.5,-1.5846599757534954e-17,0.00023446278578088064,-6.758684413288742e-14,optimal,True
cce_0949,Mars_bakim_x3.5,0.00023446278578086155,0.00023446278578088064,0.9999999999999186,optimal,False
cce_3359,Mars_bakim_x3.5,0.00023446278578108834,0.00023446278578088064,1.000000000000886,optimal,False
cce_0043,Mars_bakim_x3.5,0.00023446278578108834,0.00023446278578088064,1.000000000000886,optimal,False
cce_3534,Mars_bakim_x3.5,-7.329222016309554e-17,0.00023446278578088064,-3.1259638888531956e-13,optimal,True
cce_1266,Mars_bakim_x3.5,0.00023446278578013167,0.00023446278578088064,0.9999999999968056,optimal,False
cce_2482,Mars_bakim_x3.5,0.00023446278578108834,0.00023446278578088064,1.000000000000886,optimal,False
cce_0802,Mars_bakim_x3.5,0.00023446278578108834,0.00023446278578088064,1.000000000000886,optimal,False
cce_0705,Mars_bakim_x3.5,-2.251615588105598e-17,0.00023446278578088064,-9.603296235718475e-14,optimal,True
cce_1489,Mars_bakim_x3.5,0.00023446278578008578,0.00023446278578088064,0.9999999999966099,optimal,False
cce_4185,Mars_bakim_x3.5,0.00023446278578108834,0.00023446278578088064,1.000000000000886,optimal,False
cce_2949,Mars_bakim_x3.5,0.00023446278578108834,0.00023446278578088064,1.000000000000886,optimal,False
cce_2134,Mars_bakim_x3.5,0.00023082446057288636,0.00023446278578088064,0.9844822913117031,optimal,False
cce_2992,Mars_bakim_x3.5,-6.673998922035895e-17,0.00023446278578088064,-2.846506706728778e-13,optimal,True
cce_0603,Mars_bakim_x3.5,0.0002344627857802589,0.00023446278578088064,0.9999999999973482,optimal,False
cce_3180,Mars_bakim_x3.5,-3.6659662511583307e-17,0.00023446278578088064,-1.5635599649423228e-13,optimal,True
cce_3300,Mars_bakim_x3.5,0.00023446278578011833,0.00023446278578088064,0.9999999999967487,optimal,False
cce_0077,Mars_bakim_x3.5,-2.1252868367127806e-17,0.00023446278578088064,-9.064495372408426e-14,optimal,True
cce_3229,Mars_bakim_x3.5,0.0,0.00023446278578088064,0.0,optimal,True
cce_2731,Mars_bakim_x3.5,0.00023446278577564857,0.00023446278578088064,0.9999999999776849,optimal,False
cce_2316,Mars_bakim_x3.5,0.00023446278578110742,0.00023446278578088064,1.0000000000009672,optimal,False
cce_3892,Mars_bakim_x3.5,0.00023446278577994337,0.00023446278578088064,0.9999999999960025,optimal,False
cce_4038,Mars_bakim_x3.5,-2.936430407909377e-17,0.00023446278578088064,-1.252407881331601e-13,optimal,True
cce_3000,Mars_bakim_x3.5,0.00023446278577965324,0.00023446278578088064,0.9999999999947651,optimal,False
cce_3146,Mars_bakim_x3.5,-3.929727539893236e-17,0.00023446278578088064,-1.6760559791206266e-13,optimal,True
cce_1318,Mars_bakim_x3.5,0.0,0.00023446278578088064,0.0,optimal,True
cce_0314,Mars_bakim_x3.5,0.0,0.00023446278578088064,0.0,optimal,True
cce_4666,Mars_bakim_x3.5,0.0,0.00023446278578088064,0.0,optimal,True
cce_1214,Mars_bakim_x3.5,0.00023446278578064553,0.00023446278578088064,0.9999999999989972,optimal,False
cce_4481,Mars_bakim_x3.5,0.00023446278577994337,0.00023446278578088064,0.9999999999960025,optimal,False
cce_4621,Mars_bakim_x3.5,0.00023446278577994337,0.00023446278578088064,0.9999999999960025,optimal,False
cce_0553,Mars_bakim_x3.5,0.00023446278577994337,0.00023446278578088064,0.9999999999960025,optimal,False
cce_0999,Mars_bakim_x3.5,0.00023446278577994337,0.00023446278578088064,0.9999999999960025,optimal,False
cce_3740,Mars_bakim_x3.5,-3.937297525935847e-17,0.00023446278578088064,-1.6792846305321497e-13,optimal,True
cce_2551,Mars_bakim_x3.5,0.00023446278578062916,0.00023446278578088064,0.9999999999989274,optimal,False
cce_0575,Mars_bakim_x3.5,0.00023446278577994337,0.00023446278578088064,0.9999999999960025,optimal,False
cce_4577,Mars_bakim_x3.5,0.00023446278577994337,0.00023446278578088064,0.9999999999960025,optimal,False
cce_2591,Mars_bakim_x3.5,0.00023446278577994337,0.00023446278578088064,0.9999999999960025,optimal,False
cce_4420,Mars_bakim_x3.5,-3.841379223734872e-17,0.00023446278578088064,-1.6383748111416148e-13,optimal,True
cce_0044,Mars_bakim_x3.5,0.00023446278578016406,0.00023446278578088064,0.9999999999969438,optimal,False
cce_1903,Mars_bakim_x3.5,0.00023446278577994337,0.00023446278578088064,0.9999999999960025,optimal,False
cce_3410,Mars_bakim_x3.5,0.00023446278577994337,0.00023446278578088064,0.9999999999960025,optimal,False
cce_2758,Mars_bakim_x3.5,-3.7318353079436796e-17,0.00023446278578088064,-1.591653573301522e-13,optimal,True
cce_0502,Mars_bakim_x3.5,0.0002344627857797188,0.00023446278578088064,0.9999999999950447,optimal,False
cce_RNA047,Mars_bakim_x3.5,-2.9364304079096604e-17,0.00023446278578088064,-1.2524078813317218e-13,optimal,True
cce_3501,Mars_bakim_x3.5,0.00023446278577965324,0.00023446278578088064,0.9999999999947651,optimal,False
cce_1164,Mars_bakim_x3.5,0.00023446278577994337,0.00023446278578088064,0.9999999999960025,optimal,False
cce_1503,Mars_bakim_x3.5,0.00023446278577994337,0.00023446278578088064,0.9999999999960025,optimal,False
cce_0994,Mars_bakim_x3.5,,0.00023446278578088064,0.0,infeasible,True
cce_0320,Mars_bakim_x3.5,-4.413644179167536e-32,0.00023446278578088064,-1.8824497731986978e-28,optimal,True
cce_4521,Mars_bakim_x3.5,0.00023446278578028107,0.00023446278578088064,0.9999999999974428,optimal,False
cce_1822,Mars_bakim_x3.5,-2.489650836152639e-17,0.00023446278578088064,-1.061853303440387e-13,optimal,True
cce_1341,Mars_bakim_x3.5,,0.00023446278578088064,0.0,infeasible,True
cce_4757,Mars_bakim_x3.5,0.00023446278578027847,0.00023446278578088064,0.9999999999974317,optimal,False
cce_1289,Mars_bakim_x3.5,,0.00023446278578088064,0.0,infeasible,True
cce_0226,Mars_bakim_x3.5,-1.791349581234267e-31,0.00023446278578088064,-7.640229878136777e-28,optimal,True
cce_5184,Mars_bakim_x3.5,0.00023446278578024622,0.00023446278578088064,0.9999999999972942,optimal,False
cce_0987,Mars_bakim_x3.5,0.00023446278578276235,0.00023446278578088064,1.0000000000080256,optimal,False
cce_4814,Mars_bakim_x3.5,0.00023446278578276235,0.00023446278578088064,1.0000000000080256,optimal,False
cce_4654,Mars_bakim_x3.5,-4.196485017173342e-18,0.00023446278578088064,-1.7898298884391852e-14,optimal,True
cce_2592,Mars_bakim_x3.5,0.00023446278578034873,0.00023446278578088064,0.9999999999977314,optimal,False
cce_3883,Mars_bakim_x3.5,0.00023446278578276235,0.00023446278578088064,1.0000000000080256,optimal,False
cce_0241,Mars_bakim_x3.5,0.00023446278578276235,0.00023446278578088064,1.0000000000080256,optimal,False
cce_5178,Mars_bakim_x3.5,0.00023446278578276235,0.00023446278578088064,1.0000000000080256,optimal,False
cce_0304,Mars_bakim_x3.5,0.00023446278578276235,0.00023446278578088064,1.0000000000080256,optimal,False
cce_RNA052,Mars_bakim_x3.5,1.9789326276772933e-17,0.00023446278578088064,8.440284547018575e-14,optimal,True
cce_2981,Mars_bakim_x3.5,0.00023446278578098475,0.00023446278578088064,1.000000000000444,optimal,False
cce_2221,Mars_bakim_x3.5,,0.00023446278578088064,0.0,infeasible,True
cce_0081,Mars_bakim_x3.5,8.248523728268852e-32,0.00023446278578088064,3.518052428148485e-28,optimal,True
cce_3935,Mars_bakim_x3.5,0.0002344627857810079,0.00023446278578088064,1.0000000000005427,optimal,False
cce_3462,Mars_bakim_x3.5,2.6555287123333048e-17,0.00023446278578088064,1.1326013650691047e-13,optimal,True
cce_2248,Mars_bakim_x3.5,0.0002344627857802497,0.00023446278578088064,0.999999999997309,optimal,False
cce_3252,Mars_bakim_x3.5,0.00023446278578015422,0.00023446278578088064,0.9999999999969018,optimal,False
fig_43989_3_peg_2190,Mars_bakim_x3.5,0.00023446278578015422,0.00023446278578088064,0.9999999999969018,optimal,False
cce_4600,Mars_bakim_x3.5,0.00023446278578015422,0.00023446278578088064,0.9999999999969018,optimal,False
cce_2319,Mars_bakim_x3.5,,0.00023446278578088064,0.0,infeasible,True
cce_0508,Mars_bakim_x3.5,0.0002344627857802055,0.00023446278578088064,0.9999999999971205,optimal,False
cce_2657,Mars_bakim_x3.5,0.00023446278578900893,0.00023446278578088064,1.0000000000346678,optimal,False
cce_0885,Mars_bakim_x3.5,0.00023446278578900893,0.00023446278578088064,1.0000000000346678,optimal,False
cce_3118,Mars_bakim_x3.5,0.00023446278578900893,0.00023446278578088064,1.0000000000346678,optimal,False
cce_3830,Mars_bakim_x3.5,0.00023446278578900893,0.00023446278578088064,1.0000000000346678,optimal,False
cce_2237,Mars_bakim_x3.5,-5.790006630519846e-17,0.00023446278578088064,-2.469477879500651e-13,optimal,True
cce_3016,Mars_bakim_x3.5,0.00023446278578027576,0.00023446278578088064,0.9999999999974202,optimal,False
cce_2156,Mars_bakim_x3.5,0.00023446278578015422,0.00023446278578088064,0.9999999999969018,optimal,False
cce_1359,Mars_bakim_x3.5,0.00023446278578015422,0.00023446278578088064,0.9999999999969018,optimal,False
cce_0997,Mars_bakim_x3.5,0.0002333508753036432,0.00023446278578088064,0.9952576248996864,optimal,False
cce_0123,Mars_bakim_x3.5,0.00023446278578332136,0.00023446278578088064,1.00000000001041,optimal,False
cce_0604,Mars_bakim_x3.5,0.0002344627857811114,0.00023446278578088064,1.0000000000009843,optimal,False
cce_3202,Mars_bakim_x3.5,-4.956158779963882e-17,0.00023446278578088064,-2.1138360032093561e-13,optimal,True
cce_1345,Mars_bakim_x3.5,0.00023446278578038797,0.00023446278578088064,0.9999999999978988,optimal,False
cce_3766,Mars_bakim_x3.5,0.0002344627857811114,0.00023446278578088064,1.0000000000009843,optimal,False
cce_1032,Mars_bakim_x3.5,-2.638977895476087e-17,0.00023446278578088064,-1.1255423271914752e-13,optimal,True
cce_0989,Mars_bakim_x3.5,,0.00023446278578088064,0.0,infeasible,True
cce_4409,Mars_bakim_x3.5,0.0002344627857802461,0.00023446278578088064,0.9999999999972937,optimal,False
cce_3392,Mars_bakim_x3.5,-9.145960318592757e-17,0.00023446278578088064,-3.900815341817272e-13,optimal,True
cce_2223,Mars_bakim_x3.5,,0.00023446278578088064,0.0,infeasible,True
cce_1240,Mars_bakim_x3.5,0.00023446278578020672,0.00023446278578088064,0.9999999999971257,optimal,False
cce_4304,Mars_bakim_x3.5,0.00023440871024382336,0.00023446278578088064,0.999769364093849,optimal,False
cce_2883,Mars_bakim_x3.5,-1.1252553767855028e-13,0.00023446278578088064,-4.799292020001505e-10,optimal,True
cce_2236,Mars_bakim_x3.5,0.00023446278577980793,0.00023446278578088064,0.9999999999954248,optimal,False
cce_4022,Mars_bakim_x3.5,-2.843898470112921e-17,0.00023446278578088064,-1.2129423697843087e-13,optimal,True
cce_1213,Mars_bakim_x3.5,0.00023446278577925547,0.00023446278578088064,0.9999999999930685,optimal,False
cce_1660,Mars_bakim_x3.5,0.00023445931865980537,0.00023446278578088064,0.9999852124887806,optimal,False
cce_0263,Mars_bakim_x3.5,-3.547765661254158e-17,0.00023446278578088064,-1.5131465957116772e-13,optimal,True
cce_3972,Mars_bakim_x3.5,0.0,0.00023446278578088064,0.0,optimal,True
cce_1670,Mars_bakim_x3.5,0.00023446278578017477,0.00023446278578088064,0.9999999999969894,optimal,False
cce_2792,Mars_bakim_x3.5,,0.00023446278578088064,0.0,infeasible,True
cce_3794,Mars_bakim_x3.5,0.00023446278578027004,0.00023446278578088064,0.9999999999973957,optimal,False
cce_3158,Mars_bakim_x3.5,0.00023446278577424413,0.00023446278578088064,0.9999999999716949,optimal,False
cce_0963,Mars_bakim_x3.5,1.4770138503360657e-17,0.00023446278578088064,6.299566242108983e-14,optimal,True
cce_2658,Mars_bakim_x3.5,0.00023446278578026977,0.00023446278578088064,0.9999999999973946,optimal,False
cce_3150,Mars_bakim_x3.5,1.0976957140381466e-18,0.00023446278578088064,4.681748151981817e-15,optimal,True
cce_3822,Mars_bakim_x3.5,7.612603026082307e-17,0.00023446278578088064,3.246827849770895e-13,optimal,True
cce_0267,Mars_bakim_x3.5,0.00023446278577357864,0.00023446278578088064,0.9999999999688565,optimal,False
cce_4314,Mars_bakim_x3.5,1.663869661282707e-17,0.00023446278578088064,7.096519201293172e-14,optimal,True
cce_2318,Mars_bakim_x3.5,,0.00023446278578088064,0.0,infeasible,True
cce_2605,Mars_bakim_x3.5,-1.2013206869965243e-32,0.00023446278578088064,-5.123715829765964e-29,optimal,True
cce_1526,Mars_bakim_x3.5,,0.00023446278578088064,0.0,infeasible,True
cce_2117,Mars_bakim_x3.5,0.0,0.00023446278578088064,0.0,optimal,True
cce_1653,Mars_bakim_x3.5,0.0,0.00023446278578088064,0.0,optimal,True
cce_4487,Mars_bakim_x3.5,,0.00023446278578088064,0.0,infeasible,True
cce_4299,Mars_bakim_x3.5,0.00023446278578021995,0.00023446278578088064,0.9999999999971821,optimal,False
cce_3134,Mars_bakim_x3.5,-4.7044664131641853e-17,0.00023446278578088064,-2.0064874677215462e-13,optimal,True
cce_4168,Mars_bakim_x3.5,0.0002344627857806192,0.00023446278578088064,0.999999999998885,optimal,False
cce_3119,Mars_bakim_x3.5,0.00023446278578159797,0.00023446278578088064,1.0000000000030596,optimal,False
cce_2016,Mars_bakim_x3.5,0.00023446278578159797,0.00023446278578088064,1.0000000000030596,optimal,False
cce_4019,Mars_bakim_x3.5,-1.334715604881273e-17,0.00023446278578088064,-5.692654381956563e-14,optimal,True
cce_3422,Mars_bakim_x3.5,0.0002344627857804761,0.00023446278578088064,0.9999999999982746,optimal,False
cce_3256,Mars_bakim_x3.5,-4.868673858454788e-19,0.00023446278578088064,-2.0765230790206733e-15,optimal,True
cce_0801,Mars_bakim_x3.5,0.0,0.00023446278578088064,0.0,optimal,True
cce_0591,Mars_bakim_x3.5,0.00023446278578022665,0.00023446278578088064,0.9999999999972107,optimal,False
cce_3530,Mars_bakim_x3.5,0.00023446278578052464,0.00023446278578088064,0.9999999999984817,optimal,False
cce_0493,Mars_bakim_x3.5,0.00023446278578052464,0.00023446278578088064,0.9999999999984817,optimal,False
cce_2693,Mars_bakim_x3.5,0.00023446278578052464,0.00023446278578088064,0.9999999999984817,optimal,False
cce_2791,Mars_bakim_x3.5,,0.00023446278578088064,0.0,infeasible,True
cce_0927,Mars_bakim_x3.5,-1.8505785465269962e-33,0.00023446278578088064,-7.892845512193443e-30,optimal,True
cce_0973,Mars_bakim_x3.5,0.000234462785780254,0.00023446278578088064,0.9999999999973274,optimal,False
cce_2568,Mars_bakim_x3.5,0.00023446278578329364,0.00023446278578088064,1.0000000000102915,optimal,False
cce_4463,Mars_bakim_x3.5,-3.052483519519987e-17,0.00023446278578088064,-1.3019053362151526e-13,optimal,True
cce_4077,Mars_bakim_x3.5,0.0002344627857801705,0.00023446278578088064,0.9999999999969713,optimal,False
cce_4123,Mars_bakim_x3.5,9.80729939255387e-18,0.00023446278578088064,4.1828810315848474e-14,optimal,True
cce_1165,Mars_bakim_x3.5,0.00023446278577989786,0.00023446278578088064,0.9999999999958084,optimal,False
cce_2756,Mars_bakim_x3.5,3.2665864818870783e-15,0.00023446278578088064,1.3932217306928602e-11,optimal,True
cce_2779,Mars_bakim_x3.5,0.0002344627857878742,0.00023446278578088064,1.0000000000298281,optimal,False
cce_2061,Mars_bakim_x3.5,0.00023446278578329364,0.00023446278578088064,1.0000000000102915,optimal,False
cce_0926,Mars_bakim_x3.5,0.00023446278578329364,0.00023446278578088064,1.0000000000102915,optimal,False
cce_4042,Mars_bakim_x3.5,9.807299392541983e-18,0.00023446278578088064,4.182881031579777e-14,optimal,True
cce_0860,Mars_bakim_x3.5,,0.00023446278578088064,0.0,infeasible,True
cce_0990,Mars_bakim_x3.5,,0.00023446278578088064,0.0,infeasible,True
cce_1064,Mars_bakim_x3.5,0.00023446278578031346,0.00023446278578088064,0.9999999999975809,optimal,False
cce_4146,Mars_bakim_x3.5,5.766708999812616e-16,0.00023446278578088064,2.4595412788458238e-12,optimal,True
cce_4423,Mars_bakim_x3.5,0.0,0.00023446278578088064,0.0,optimal,True
cce_4103,Mars_bakim_x3.5,0.00023446278578063056,0.00023446278578088064,0.9999999999989334,optimal,False
cce_4424,Mars_bakim_x3.5,0.00023446278578064878,0.00023446278578088064,0.9999999999990111,optimal,False
cce_4946,Mars_bakim_x3.5,0.00023446278578064878,0.00023446278578088064,0.9999999999990111,optimal,False
cce_3759,Mars_bakim_x3.5,0.00023446278578064878,0.00023446278578088064,0.9999999999990111,optimal,False
cce_4071,Mars_bakim_x3.5,0.00023446278578064878,0.00023446278578088064,0.9999999999990111,optimal,False
cce_4273,Mars_bakim_x3.5,,0.00023446278578088064,0.0,infeasible,True
cce_0307,Mars_bakim_x3.5,0.00023446278578027842,0.00023446278578088064,0.9999999999974315,optimal,False
cce_0589,Mars_bakim_x3.5,0.00023446278577160564,0.00023446278578088064,0.9999999999604415,optimal,False
cce_2725,Mars_bakim_x3.5,7.499361204080738e-17,0.00023446278578088064,3.1985294293523137e-13,optimal,True
cce_4043,Mars_bakim_x3.5,0.0,0.00023446278578088064,0.0,optimal,True
cce_1607,Mars_bakim_x3.5,0.00023446278578026638,0.00023446278578088064,0.9999999999973802,optimal,False
cce_0399,Mars_bakim_x3.5,0.00023446278578113328,0.00023446278578088064,1.0000000000010776,optimal,False
cce_4704,Mars_bakim_x3.5,0.00023446278578113328,0.00023446278578088064,1.0000000000010776,optimal,False
cce_1599,Mars_bakim_x3.5,,0.00023446278578088064,0.0,infeasible,True
cce_3976,Mars_bakim_x3.5,1.1385969912212803e-32,0.00023446278578088064,4.8561949284581415e-29,optimal,True
cce_1946,Mars_bakim_x3.5,0.0,0.00023446278578088064,0.0,optimal,True
cce_2120,Mars_bakim_x3.5,0.0,0.00023446278578088064,0.0,optimal,True
cce_0595,Mars_bakim_x3.5,0.00023446278578133307,0.00023446278578088064,1.0000000000019296,optimal,False
cce_2879,Mars_bakim_x3.5,0.00023446278576145677,0.00023446278578088064,0.9999999999171559,optimal,False
cce_0921,Mars_bakim_x3.5,-2.0760954016757922e-13,0.00023446278578088064,-8.854690499225009e-10,optimal,True
cce_0384,Mars_bakim_x3.5,0.00023446278579093761,0.00023446278578088064,1.0000000000428937,optimal,False
cce_4015,Mars_bakim_x3.5,-1.2811731174328773e-17,0.00023446278578088064,-5.464291969260357e-14,optimal,True
cce_1861,Mars_bakim_x3.5,-3.916065187996727e-31,0.00023446278578088064,-1.670228891529303e-27,optimal,True
cce_2305,Mars_bakim_x3.5,0.0,0.00023446278578088064,0.0,optimal,True
cce_2877,Mars_bakim_x3.5,0.0002344627857802608,0.00023446278578088064,0.9999999999973563,optimal,False
cce_1512,Mars_bakim_x3.5,0.00023446278578064878,0.00023446278578088064,0.9999999999990111,optimal,False
cce_0460,Mars_bakim_x3.5,-4.9170141703339354e-17,0.00023446278578088064,-2.097140556424667e-13,optimal,True
cce_1542,Mars_bakim_x3.5,0.00023446278578023627,0.00023446278578088064,0.9999999999972518,optimal,False
cce_3982,Mars_bakim_x3.5,0.00023446278578064878,0.00023446278578088064,0.9999999999990111,optimal,False
cce_1210,Mars_bakim_x3.5,9.917266657003826e-15,0.00023446278578088064,4.229782830556359e-11,optimal,True
cce_2696,Mars_bakim_x3.5,-1.5809965007014325e-17,0.00023446278578088064,-6.743059438775787e-14,optimal,True
cce_2494,Mars_bakim_x3.5,0.00023446278578030213,0.00023446278578088064,0.9999999999975326,optimal,False
cce_3963,Mars_bakim_x3.5,0.00023446278578064878,0.00023446278578088064,0.9999999999990111,optimal,False
cce_4591,Mars_bakim_x3.5,-1.159290391704282e-19,0.00023446278578088064,-4.944453712955998e-16,optimal,True
cce_3707,Mars_bakim_x3.5,0.0002344568708559108,0.00023446278578088064,0.9999747724358466,optimal,False
cce_4680,Mars_bakim_x3.5,,0.00023446278578088064,0.0,infeasible,True
cce_4258,Mars_bakim_x3.5,-6.833372013030306e-31,0.00023446278578088064,-2.9144804324795908e-27,optimal,True
cce_1601,Mars_bakim_x3.5,0.00023446278578026004,0.00023446278578088064,0.9999999999973531,optimal,False
cce_0600,Mars_bakim_x3.5,0.00023446278577382256,0.00023446278578088064,0.9999999999698969,optimal,False
cce_2887,Mars_bakim_x3.5,2.9164205194482455e-17,0.00023446278578088064,1.2438735254872444e-13,optimal,True
cce_2225,Mars_bakim_x3.5,0.00023446278577434325,0.00023446278578088064,0.9999999999721176,optimal,False
cce_3635,Mars_bakim_x3.5,0.00023446278578011413,0.00023446278578088064,0.9999999999967308,optimal,False
cce_1392,Mars_bakim_x3.5,-3.566458176435704e-17,0.00023446278578088064,-1.52111908273954e-13,optimal,True
cce_1640,Mars_bakim_x3.5,0.00023446278578007583,0.00023446278578088064,0.9999999999965674,optimal,False
cce_0798,Mars_bakim_x3.5,-3.369835550940408e-16,0.00023446278578088064,-1.4372581728555076e-12,optimal,True
cce_0305,Mars_bakim_x3.5,0.0002344627857810788,0.00023446278578088064,1.000000000000845,optimal,False
cce_4888,Mars_bakim_x3.5,0.00023446278578011413,0.00023446278578088064,0.9999999999967308,optimal,False
cce_2170,Mars_bakim_x3.5,0.00023446278578011413,0.00023446278578088064,0.9999999999967308,optimal,False
cce_2643,Mars_bakim_x3.5,0.00023327571627193675,0.00023446278578088064,0.9949370664304344,optimal,False
cce_4945,Mars_bakim_x3.5,0.00023446278578057503,0.00023446278578088064,0.9999999999986966,optimal,False
cce_0172,Mars_bakim_x3.5,-4.497911947904323e-17,0.00023446278578088064,-1.9183905594757747e-13,optimal,True
cce_2771,Mars_bakim_x3.5,0.00023446278577983725,0.00023446278578088064,0.9999999999955499,optimal,False
cce_2932,Mars_bakim_x3.5,0.00023446278578066502,0.00023446278578088064,0.9999999999990804,optimal,False
cce_0871,Mars_bakim_x3.5,0.00023446278578066502,0.00023446278578088064,0.9999999999990804,optimal,False
cce_1176,Mars_bakim_x3.5,,0.00023446278578088064,0.0,infeasible,True
cce_2298,Mars_bakim_x3.5,-8.582443569215924e-28,0.00023446278578088064,-3.660471550157527e-24,optimal,True
cce_2054,Mars_bakim_x3.5,0.00023446278578039491,0.00023446278578088064,0.9999999999979283,optimal,False
cce_0303,Mars_bakim_x3.5,0.0002344627857698399,0.00023446278578088064,0.9999999999529106,optimal,False
cce_1514,Mars_bakim_x3.5,0.0002344627857698399,0.00023446278578088064,0.9999999999529106,optimal,False
cce_3347,Mars_bakim_x3.5,8.461117691575424e-17,0.00023446278578088064,3.608725224088585e-13,optimal,True
cce_4030,Mars_bakim_x3.5,0.0,0.00023446278578088064,0.0,optimal,True
cce_4813,Mars_bakim_x3.5,0.00023446278577996354,0.00023446278578088064,0.9999999999960885,optimal,False
cce_0202,Mars_bakim_x3.5,0.00023446278578066502,0.00023446278578088064,0.9999999999990804,optimal,False
cce_0036,Mars_bakim_x3.5,-7.40606345181664e-17,0.00023446278578088064,-3.158737292637154e-13,optimal,True
cce_3620,Mars_bakim_x3.5,0.00023446278578070177,0.00023446278578088064,0.9999999999992372,optimal,False
cce_1665,Mars_bakim_x3.5,0.00023446278578066502,0.00023446278578088064,0.9999999999990804,optimal,False
cce_0663,Mars_bakim_x3.5,0.00023445713277978782,0.00023446278578088064,0.9999758895593005,optimal,False
cce_4483,Mars_bakim_x3.5,0.00023446278578091907,0.00023446278578088064,1.0000000000001639,optimal,False
cce_2959,Mars_bakim_x3.5,,0.00023446278578088064,0.0,infeasible,True
cce_1976,Mars_bakim_x3.5,,0.00023446278578088064,0.0,infeasible,True
cce_2038,Mars_bakim_x3.5,1.1447734700148644e-30,0.00023446278578088064,4.882538037762304e-27,optimal,True
cce_3957,Mars_bakim_x3.5,-1.6013288918805962e-14,0.00023446278578088064,-6.829778493620445e-11,optimal,True
cce_0240,Mars_bakim_x3.5,0.00023446278577875078,0.00023446278578088064,0.999999999990916,optimal,False
cce_3663,Mars_bakim_x3.5,0.0002344627857698399,0.00023446278578088064,0.9999999999529106,optimal,False
cce_3335,Mars_bakim_x3.5,0.0002344627857698399,0.00023446278578088064,0.9999999999529106,optimal,False
cce_2939,Mars_bakim_x3.5,0.0002344627857698399,0.00023446278578088064,0.9999999999529106,optimal,False
cce_0292,Mars_bakim_x3.5,0.00023446278578056543,0.00023446278578088064,0.9999999999986556,optimal,False
cce_3993,Mars_bakim_x3.5,0.00023446278578056543,0.00023446278578088064,0.9999999999986556,optimal,False
cce_1588,Mars_bakim_x3.5,0.00023446278578056543,0.00023446278578088064,0.9999999999986556,optimal,False
cce_1859,Mars_bakim_x3.5,0.00023446278578056543,0.00023446278578088064,0.9999999999986556,optimal,False
cce_4385,Mars_bakim_x3.5,0.00023446278578056543,0.00023446278578088064,0.9999999999986556,optimal,False
cce_3801,Mars_bakim_x3.5,0.00023446278578056543,0.00023446278578088064,0.9999999999986556,optimal,False
cce_1057,Mars_bakim_x3.5,0.00023446278578056543,0.00023446278578088064,0.9999999999986556,optimal,False
cce_2358,Mars_bakim_x3.5,-5.265591488186356e-17,0.00023446278578088064,-2.2458111937249449e-13,optimal,True
cce_2010,Mars_bakim_x3.5,0.0002344627857805723,0.00023446278578088064,0.9999999999986848,optimal,False
cce_0953,Mars_bakim_x3.5,0.00023446278578016222,0.00023446278578088064,0.9999999999969359,optimal,False
cce_1606,Mars_bakim_x3.5,0.00023446278578016222,0.00023446278578088064,0.9999999999969359,optimal,False
cce_0811,Mars_bakim_x3.5,-2.5088202557528273e-15,0.00023446278578088064,-1.070029193501722e-11,optimal,True
cce_0701,Mars_bakim_x3.5,0.00023446278578167956,0.00023446278578088064,1.0000000000034075,optimal,False
cce_1349,Mars_bakim_x3.5,0.00023446278578016222,0.00023446278578088064,0.9999999999969359,optimal,False
cce_1776,Mars_bakim_x3.5,0.00023446278578016222,0.00023446278578088064,0.9999999999969359,optimal,False
cce_0065,Mars_bakim_x3.5,0.00023446278578016222,0.00023446278578088064,0.9999999999969359,optimal,False
cce_3504,Mars_bakim_x3.5,-3.9055425369859597e-17,0.00023446278578088064,-1.6657409080842026e-13,optimal,True
cce_2625,Mars_bakim_x3.5,,0.00023446278578088064,0.0,infeasible,True
cce_4400,Mars_bakim_x3.5,-4.918739002075716e-30,0.00023446278578088064,-2.0978762090938255e-26,optimal,True
cce_5186,Mars_bakim_x3.5,0.00023446278578076037,0.00023446278578088064,0.9999999999994871,optimal,False
cce_0224,Mars_bakim_x3.5,-2.1769231612558072e-17,0.00023446278578088064,-9.284727868457005e-14,optimal,True
cce_1595,Mars_bakim_x3.5,0.00023446278578027698,0.00023446278578088064,0.9999999999974254,optimal,False
cce_1614,Mars_bakim_x3.5,-2.963915782871286e-17,0.00023446278578088064,-1.2641305838792007e-13,optimal,True
cce_4488,Mars_bakim_x3.5,0.00023446278578027942,0.00023446278578088064,0.9999999999974357,optimal,False
cce_0628,Mars_bakim_x3.5,-4.7968637012258974e-17,0.00023446278578088064,-2.0458955502255486e-13,optimal,True
cce_0807,Mars_bakim_x3.5,0.00023446278578046558,0.00023446278578088064,0.9999999999982297,optimal,False
cce_0912,Mars_bakim_x3.5,0.00023446278578117912,0.00023446278578088064,1.000000000001273,optimal,False
cce_1139,Mars_bakim_x3.5,0.00023446278578117912,0.00023446278578088064,1.000000000001273,optimal,False
cce_1905,Mars_bakim_x3.5,0.00023446278578117912,0.00023446278578088064,1.000000000001273,optimal,False
cce_0154,Mars_bakim_x3.5,0.00023446278578117912,0.00023446278578088064,1.000000000001273,optimal,False
cce_1242,Mars_bakim_x3.5,0.00023446278578117912,0.00023446278578088064,1.000000000001273,optimal,False
cce_3401,Mars_bakim_x3.5,-4.367875890547159e-17,0.00023446278578088064,-1.8629292815061908e-13,optimal,True
cce_3891,Mars_bakim_x3.5,0.00023446278577974282,0.00023446278578088064,0.9999999999951471,optimal,False
cce_2531,Mars_bakim_x3.5,0.00023446278578117912,0.00023446278578088064,1.000000000001273,optimal,False
cce_4091,Mars_bakim_x3.5,-4.9528592687454387e-17,0.00023446278578088064,-2.1124287388507697e-13,optimal,True
cce_4686,Mars_bakim_x3.5,0.00023446278578027698,0.00023446278578088064,0.9999999999974254,optimal,False
cce_4845,Mars_bakim_x3.5,0.00023446278578117912,0.00023446278578088064,1.000000000001273,optimal,False
cce_4913,Mars_bakim_x3.5,0.00023446278578117912,0.00023446278578088064,1.000000000001273,optimal,False
cce_2359,Mars_bakim_x3.5,-5.888832673862687e-17,0.00023446278578088064,-2.511627870602096e-13,optimal,True
cce_1722,Mars_bakim_x3.5,0.0,0.00023446278578088064,0.0,optimal,True
cce_1384,Mars_bakim_x3.5,,0.00023446278578088064,0.0,infeasible,True
cce_1975,Mars_bakim_x3.5,,0.00023446278578088064,0.0,infeasible,True
cce_0282,Mars_bakim_x3.5,9.004009689143463e-31,0.00023446278578088064,3.8402724164329615e-27,optimal,True
cce_2549,Mars_bakim_x3.5,0.00023446278578008199,0.00023446278578088064,0.9999999999965937,optimal,False
cce_1985,Mars_bakim_x3.5,0.0002344627857855741,0.00023446278578088064,1.000000000020018,optimal,False
cce_2882,Mars_bakim_x3.5,1.2122275151081607e-13,0.00023446278578088064,5.170234206127104e-10,optimal,True
cce_1659,Mars_bakim_x3.5,0.0002344627857807191,0.00023446278578088064,0.999999999999311,optimal,False
cce_5286,Mars_bakim_x3.5,-4.9528592687454387e-17,0.00023446278578088064,-2.1124287388507697e-13,optimal,True
cce_2958,Mars_bakim_x3.5,0.00023446278578027698,0.00023446278578088064,0.9999999999974254,optimal,False
cce_4254,Mars_bakim_x3.5,0.00023446278578117912,0.00023446278578088064,1.000000000001273,optimal,False
cce_0387,Mars_bakim_x3.5,0.00023446278578117912,0.00023446278578088064,1.000000000001273,optimal,False
cce_4253,Mars_bakim_x3.5,0.00023446278578117912,0.00023446278578088064,1.000000000001273,optimal,False
cce_1996,Mars_bakim_x3.5,0.00023446278578117912,0.00023446278578088064,1.000000000001273,optimal,False
cce_1367,Mars_bakim_x3.5,-4.9528592687454387e-17,0.00023446278578088064,-2.1124287388507697e-13,optimal,True
cce_5187,Mars_bakim_x3.5,0.00023446278578027698,0.00023446278578088064,0.9999999999974254,optimal,False
cce_4479,Mars_bakim_x3.5,0.00023446278578117912,0.00023446278578088064,1.000000000001273,optimal,False
cce_0382,Mars_bakim_x3.5,-4.8748614849856683e-17,0.00023446278578088064,-2.0791621445381593e-13,optimal,True
cce_2522,Mars_bakim_x3.5,0.00023446278578027966,0.00023446278578088064,0.9999999999974368,optimal,False
cce_1850,Mars_bakim_x3.5,0.0002342689884868197,0.00023446278578088064,0.9991734411351657,optimal,False
cce_0890,Mars_bakim_x3.5,0.0002344627857802317,0.00023446278578088064,0.9999999999972322,optimal,False
cce_1527,Mars_bakim_x3.5,0.00023446278578117912,0.00023446278578088064,1.000000000001273,optimal,False
cce_2813,Mars_bakim_x3.5,0.00023446278578117912,0.00023446278578088064,1.000000000001273,optimal,False
cce_0829,Mars_bakim_x3.5,-2.729922431591974e-17,0.00023446278578088064,-1.1643308009413692e-13,optimal,True
cce_0217,Mars_bakim_x3.5,0.0,0.00023446278578088064,0.0,optimal,True
cce_3025,Mars_bakim_x3.5,0.00023446278578027004,0.00023446278578088064,0.9999999999973957,optimal,False
cce_0544,Mars_bakim_x3.5,0.00023446278578117912,0.00023446278578088064,1.000000000001273,optimal,False
cce_0825,Mars_bakim_x3.5,0.00023446278578117912,0.00023446278578088064,1.000000000001273,optimal,False
cce_5197,Mars_bakim_x3.5,0.00023446278578117912,0.00023446278578088064,1.000000000001273,optimal,False
cce_2314,Mars_bakim_x3.5,0.00023446278578117912,0.00023446278578088064,1.000000000001273,optimal,False
cce_2222,Mars_bakim_x3.5,,0.00023446278578088064,0.0,infeasible,True
cce_3244,Mars_bakim_x3.5,0.0002344571327793111,0.00023446278578088064,0.9999758895572672,optimal,False
cce_3816,Mars_bakim_x3.5,2.1617446626951262e-13,0.00023446278578088064,9.219990522143691e-10,optimal,True
cce_0510,Mars_bakim_x3.5,3.816018158786085e-17,0.00023446278578088064,1.6275581415092372e-13,optimal,True
cce_1014,Mars_bakim_x3.5,0.0,0.00023446278578088064,0.0,optimal,True
cce_4073,Mars_bakim_x3.5,0.00023446278578029536,0.00023446278578088064,0.9999999999975038,optimal,False
cce_1411,Mars_bakim_x3.5,0.00023446278578117912,0.00023446278578088064,1.000000000001273,optimal,False
cce_2255,Mars_bakim_x3.5,0.00023446278578117912,0.00023446278578088064,1.000000000001273,optimal,False
cce_2560,Mars_bakim_x3.5,0.00023446278578117912,0.00023446278578088064,1.000000000001273,optimal,False
cce_0061,Mars_bakim_x3.5,0.00023445687085735625,0.00023446278578088064,0.9999747724420117,optimal,False
cce_3970,Mars_bakim_x3.5,0.0002344627857883479,0.00023446278578088064,1.0000000000318483,optimal,False
cce_1747,Mars_bakim_x3.5,,0.00023446278578088064,0.0,infeasible,True
cce_2923,Mars_bakim_x3.5,2.950476167563771e-31,0.00023446278578088064,1.2583984949838332e-27,optimal,True
cce_4122,Mars_bakim_x3.5,0.0,0.00023446278578088064,0.0,optimal,True
cce_4475,Mars_bakim_x3.5,0.0002344627857802607,0.00023446278578088064,0.9999999999973559,optimal,False
cce_2765,Mars_bakim_x3.5,0.00023446278578906184,0.00023446278578088064,1.0000000000348934,optimal,False
cce_4013,Mars_bakim_x3.5,2.211214283902239e-17,0.00023446278578088064,9.43098187858584e-14,optimal,True
cce_1511,Mars_bakim_x3.5,,0.00023446278578088064,0.0,infeasible,True
cce_1789,Mars_bakim_x3.5,0.00023446278578139468,0.00023446278578088064,1.0000000000021925,optimal,False
cce_4222,Mars_bakim_x3.5,3.604801706205784e-18,0.00023446278578088064,1.537472863422635e-14,optimal,True
cce_1533,Mars_bakim_x3.5,0.0,0.00023446278578088064,0.0,optimal,True
cce_3224,Mars_bakim_x3.5,0.0,0.00023446278578088064,0.0,optimal,True
cce_0797,Mars_bakim_x3.5,0.00023446278578036396,0.00023446278578088064,0.9999999999977963,optimal,False
cce_0405,Mars_bakim_x3.5,0.00023446278576781874,0.00023446278578088064,0.9999999999442901,optimal,False
cce_2412,Mars_bakim_x3.5,-2.5206094679497408e-17,0.00023446278578088064,-1.0750573740539787e-13,optimal,True
cce_4571,Mars_bakim_x3.5,2.264452508221948e-31,0.00023446278578088064,9.658046587991208e-28,optimal,True
cce_3233,Mars_bakim_x3.5,0.00023446278578124433,0.00023446278578088064,1.0000000000015512,optimal,False
cce_4028,Mars_bakim_x3.5,-1.0586111933790868e-16,0.00023446278578088064,-4.515049967752331e-13,optimal,True
cce_3487,Mars_bakim_x3.5,0.00023446278577997825,0.00023446278578088064,0.9999999999961513,optimal,False
cce_1284,Mars_bakim_x3.5,0.00023446278576781874,0.00023446278578088064,0.9999999999442901,optimal,False
cce_2207,Mars_bakim_x3.5,0.00023446278576781874,0.00023446278578088064,0.9999999999442901,optimal,False
cce_4758,Mars_bakim_x3.5,0.00023446278576781874,0.00023446278578088064,0.9999999999442901,optimal,False
cce_4520,Mars_bakim_x3.5,0.00023446278576781874,0.00023446278578088064,0.9999999999442901,optimal,False
cce_3984,Mars_bakim_x3.5,0.00023446278576781874,0.00023446278578088064,0.9999999999442901,optimal,False
cce_2627,Mars_bakim_x3.5,0.00023446278576781874,0.00023446278578088064,0.9999999999442901,optimal,False
cce_1806,Mars_bakim_x3.5,0.00023446278576781874,0.00023446278578088064,0.9999999999442901,optimal,False
cce_0338,Mars_bakim_x3.5,0.00023446278576781874,0.00023446278578088064,0.9999999999442901,optimal,False
cce_1917,Mars_bakim_x3.5,0.00023446278576781874,0.00023446278578088064,0.9999999999442901,optimal,False
cce_2253,Mars_bakim_x3.5,0.00023446278576781874,0.00023446278578088064,0.9999999999442901,optimal,False
cce_4692,Mars_bakim_x3.5,0.00023446278576781874,0.00023446278578088064,0.9999999999442901,optimal,False
cce_4637,Mars_bakim_x3.5,0.00023446278576781874,0.00023446278578088064,0.9999999999442901,optimal,False
cce_4353,Mars_bakim_x3.5,0.00023446278576781874,0.00023446278578088064,0.9999999999442901,optimal,False
cce_3223,Mars_bakim_x3.5,-1.0660351964257844e-16,0.00023446278578088064,-4.546713854291817e-13,optimal,True
cce_3989,Mars_bakim_x3.5,0.00023446278578031406,0.00023446278578088064,0.9999999999975835,optimal,False
cce_3509,Mars_bakim_x3.5,0.00023446278576781874,0.00023446278578088064,0.9999999999442901,optimal,False
cce_2373,Mars_bakim_x3.5,0.00023446278576781874,0.00023446278578088064,0.9999999999442901,optimal,False
cce_0091,Mars_bakim_x3.5,0.00023446278576781874,0.00023446278578088064,0.9999999999442901,optimal,False
cce_4480,Mars_bakim_x3.5,0.00023446278576781874,0.00023446278578088064,0.9999999999442901,optimal,False
cce_1121,Mars_bakim_x3.5,0.00023446278576781874,0.00023446278578088064,0.9999999999442901,optimal,False
cce_0897,Mars_bakim_x3.5,0.00023446278576781874,0.00023446278578088064,0.9999999999442901,optimal,False
cce_3209,Mars_bakim_x3.5,1.1017715894470267e-16,0.00023446278578088064,4.699132042543832e-13,optimal,True
cce_0844,Mars_bakim_x3.5,0.00023446278577918795,0.00023446278578088064,0.9999999999927806,optimal,False
cce_3508,Mars_bakim_x3.5,0.00023446278576781874,0.00023446278578088064,0.9999999999442901,optimal,False
cce_4512,Mars_bakim_x3.5,4.3415052847443384e-17,0.00023446278578088064,1.8516820357162064e-13,optimal,True
cce_1163,Mars_bakim_x3.5,0.00023446278577952845,0.00023446278578088064,0.9999999999942328,optimal,False
cce_1010,Mars_bakim_x3.5,0.00023446278576781874,0.00023446278578088064,0.9999999999442901,optimal,False
cce_2610,Mars_bakim_x3.5,0.00023446278576781874,0.00023446278578088064,0.9999999999442901,optimal,False
cce_2630,Mars_bakim_x3.5,0.00023446278576781874,0.00023446278578088064,0.9999999999442901,optimal,False
cce_4510,Mars_bakim_x3.5,0.00023446278576781874,0.00023446278578088064,0.9999999999442901,optimal,False
cce_4473,Mars_bakim_x3.5,6.374311647790605e-17,0.00023446278578088064,2.7186880112171734e-13,optimal,True
cce_2536,Mars_bakim_x3.5,0.00023446278578084453,0.00023446278578088064,0.999999999999846,optimal,False
cce_0258,Mars_bakim_x3.5,2.103683164990436e-17,0.00023446278578088064,8.972354218107997e-14,optimal,True
cce_2572,Mars_bakim_x3.5,,0.00023446278578088064,0.0,infeasible,True
cce_4638,Mars_bakim_x3.5,2.9002781155872425e-15,0.00023446278578088064,1.2369886785776419e-11,optimal,True
cce_5183,Mars_bakim_x3.5,0.0002344627857799093,0.00023446278578088064,0.9999999999958572,optimal,False
cce_2697,Mars_bakim_x3.5,0.00023446278577953086,0.00023446278578088064,0.9999999999942432,optimal,False
cce_1692,Mars_bakim_x3.5,0.00023446278577953086,0.00023446278578088064,0.9999999999942432,optimal,False
cce_3251,Mars_bakim_x3.5,-1.2099053503632397e-17,0.00023446278578088064,-5.160330012857426e-14,optimal,True
cce_0315,Mars_bakim_x3.5,0.0,0.00023446278578088064,0.0,optimal,True
cce_3156,Mars_bakim_x3.5,0.0002344627857809737,0.00023446278578088064,1.0000000000003968,optimal,False
cce_0590,Mars_bakim_x3.5,,0.00023446278578088064,0.0,infeasible,True
cce_1629,Mars_bakim_x3.5,0.00023446278578025784,0.00023446278578088064,0.9999999999973438,optimal,False
cce_1485,Mars_bakim_x3.5,0.0002344627857717497,0.00023446278578088064,0.9999999999610559,optimal,False
cce_0800,Mars_bakim_x3.5,0.0002344627857717497,0.00023446278578088064,0.9999999999610559,optimal,False
cce_4350,Mars_bakim_x3.5,0.0002344627857717497,0.00023446278578088064,0.9999999999610559,optimal,False
cce_3516,Mars_bakim_x3.5,0.0002344627857717497,0.00023446278578088064,0.9999999999610559,optimal,False
cce_3887,Mars_bakim_x3.5,0.0002344627857717497,0.00023446278578088064,0.9999999999610559,optimal,False
cce_4227,Mars_bakim_x3.5,-6.037859281115133e-17,0.00023446278578088064,-2.575188749466566e-13,optimal,True
cce_2302,Mars_bakim_x3.5,0.0002344627857810861,0.00023446278578088064,1.0000000000008762,optimal,False
cce_4029,Mars_bakim_x3.5,-1.0586111933790868e-16,0.00023446278578088064,-4.515049967752331e-13,optimal,True
cce_3716,Mars_bakim_x3.5,8.239859911599182e-15,0.00023446278578088064,3.5143572504080965e-11,optimal,True
cce_4745,Mars_bakim_x3.5,0.00023446278578266133,0.00023446278578088064,1.0000000000075948,optimal,False
cce_1310,Mars_bakim_x3.5,0.00023446278576781874,0.00023446278578088064,0.9999999999442901,optimal,False
cce_4478,Mars_bakim_x3.5,6.038401592021838e-18,0.00023446278578088064,2.5754200488196374e-14,optimal,True
cce_2963,Mars_bakim_x3.5,0.00023446278578109208,0.00023446278578088064,1.0000000000009017,optimal,False
cce_0032,Mars_bakim_x3.5,0.00023446278576781874,0.00023446278578088064,0.9999999999442901,optimal,False
cce_3754,Mars_bakim_x3.5,0.00023446278576781874,0.00023446278578088064,0.9999999999442901,optimal,False
cce_4249,Mars_bakim_x3.5,-7.199585587539948e-17,0.00023446278578088064,-3.070673055240582e-13,optimal,True
cce_1864,Mars_bakim_x3.5,0.00023446278578021884,0.00023446278578088064,0.9999999999971774,optimal,False
cce_2750,Mars_bakim_x3.5,0.00023446278576781874,0.00023446278578088064,0.9999999999442901,optimal,False
cce_2342,Mars_bakim_x3.5,7.198874896132678e-17,0.00023446278578088064,3.07036994043927e-13,optimal,True
cce_0294,Mars_bakim_x3.5,0.0,0.00023446278578088064,0.0,optimal,True
cce_4370,Mars_bakim_x3.5,0.0,0.00023446278578088064,0.0,optimal,True
cce_1495,Mars_bakim_x3.5,0.0002344627857796888,0.00023446278578088064,0.9999999999949167,optimal,False
cce_0538,Mars_bakim_x3.5,0.00023446278576781874,0.00023446278578088064,0.9999999999442901,optimal,False
cce_2357,Mars_bakim_x3.5,-8.260480705023911e-17,0.00023446278578088064,-3.5231521614452796e-13,optimal,True
cce_4489,Mars_bakim_x3.5,0.00023446278578159423,0.00023446278578088064,1.0000000000030436,optimal,False
cce_3261,Mars_bakim_x3.5,0.00023446278576781874,0.00023446278578088064,0.9999999999442901,optimal,False
cce_4110,Mars_bakim_x3.5,0.00023446278576781874,0.00023446278578088064,0.9999999999442901,optimal,False
cce_1508,Mars_bakim_x3.5,0.00023446278576781874,0.00023446278578088064,0.9999999999442901,optimal,False
cce_1674,Mars_bakim_x3.5,-7.62432505911551e-17,0.00023446278578088064,-3.2518273779451265e-13,optimal,True
cce_1501,Mars_bakim_x3.5,0.00023446278578022299,0.00023446278578088064,0.9999999999971951,optimal,False
cce_1290,Mars_bakim_x3.5,,0.00023446278578088064,0.0,infeasible,True
cce_1166,Mars_bakim_x3.5,0.00023446278578025803,0.00023446278578088064,0.9999999999973446,optimal,False
cce_4760,Mars_bakim_x3.5,-1.4232050456392856e-16,0.00023446278578088064,-6.070067967926283e-13,optimal,True
cce_2936,Mars_bakim_x3.5,-1.1803921975486771e-30,0.00023446278578088064,-5.034454374571082e-27,optimal,True
cce_0594,Mars_bakim_x3.5,6.555485424219668e-30,0.00023446278578088064,2.7959598801091434e-26,optimal,True
cce_3423,Mars_bakim_x3.5,0.00023446278578065867,0.00023446278578088064,0.9999999999990533,optimal,False
cce_4117,Mars_bakim_x3.5,-2.0929485965283615e-16,0.00023446278578088064,-8.926570541068065e-13,optimal,True
cce_1377,Mars_bakim_x3.5,0.00023446278577979546,0.00023446278578088064,0.9999999999953716,optimal,False
cce_2789,Mars_bakim_x3.5,0.00023446278576413784,0.00023446278578088064,0.9999999999285908,optimal,False
cce_0284,Mars_bakim_x3.5,2.2504823618584533e-18,0.00023446278578088064,9.598462947385016e-15,optimal,True
cce_2244,Mars_bakim_x3.5,0.00023446278577953918,0.00023446278578088064,0.9999999999942786,optimal,False
cce_3607,Mars_bakim_x3.5,0.00023446278576413784,0.00023446278578088064,0.9999999999285908,optimal,False
cce_4860,Mars_bakim_x3.5,0.00023446278576413784,0.00023446278578088064,0.9999999999285908,optimal,False
cce_1522,Mars_bakim_x3.5,0.00023446278576413784,0.00023446278578088064,0.9999999999285908,optimal,False
cce_4034,Mars_bakim_x3.5,-5.229067783213695e-14,0.00023446278578088064,-2.23023358090634e-10,optimal,True
cce_2888,Mars_bakim_x3.5,0.00023446278578094558,0.00023446278578088064,1.000000000000277,optimal,False
cce_0878,Mars_bakim_x3.5,-3.8348219446068045e-17,0.00023446278578088064,-1.635578086234407e-13,optimal,True
cce_4208,Mars_bakim_x3.5,0.00023446278578030704,0.00023446278578088064,0.9999999999975536,optimal,False
cce_3522,Mars_bakim_x3.5,0.00023446278576413784,0.00023446278578088064,0.9999999999285908,optimal,False
cce_4075,Mars_bakim_x3.5,0.00023446278576413784,0.00023446278578088064,0.9999999999285908,optimal,False
cce_4626,Mars_bakim_x3.5,0.00023446278576413784,0.00023446278578088064,0.9999999999285908,optimal,False
cce_4391,Mars_bakim_x3.5,0.00023446278576413784,0.00023446278578088064,0.9999999999285908,optimal,False
cce_1391,Mars_bakim_x3.5,4.8250341838245234e-17,0.00023446278578088064,2.0579104559193472e-13,optimal,True
cce_1506,Mars_bakim_x3.5,,0.00023446278578088064,0.0,infeasible,True
